time,src_comp,comp_resolved
574894,C5785,C1065
574984,C15007,C1065
574996,C17277,C1065
575007,C14692,C1065
575048,C14439,C1065
575078,C19748,C1065
575102,C17277,C1065
575106,C517,C1065
575109,C17277,C1065
575221,C13290,C1065
575255,C13360,C1065
575309,C13669,C1065
575331,C17277,C1065
575378,C19748,C1065
575407,C16191,C1065
575461,C3374,C1065
575515,C5785,C1065
575516,C5785,C1065
575518,C5785,C1065
575519,C5785,C1065
575520,C5785,C1065
575528,C5785,C1065
575529,C5785,C1065
575659,C4858,C1065
575757,C14825,C1065
575784,C21373,C1065
575795,C5785,C1065
575801,C17286,C1065
575849,C14445,C1065
575877,C421,C1065
575907,C421,C1065
576032,C2428,C1065
576045,C13124,C1065
576063,C1299,C1065
576102,C20338,C1065
576116,C12766,C1065
576150,C20336,C1065
576172,C20336,C1065
576207,C1515,C1065
576217,C6609,C1065
576310,C5828,C1065
576311,C5828,C1065
576313,C5828,C1065
576327,C5828,C1065
576341,C5828,C1065
576343,C17277,C1065
576365,C5828,C1065
576382,C14266,C1065
576487,C15806,C1065
576490,C12172,C1065
576617,C18228,C1065
576670,C421,C1065
576696,C1515,C1065
576696,C5785,C1065
576700,C421,C1065
576727,C16062,C1065
576728,C16062,C1065
576731,C16062,C1065
576732,C16062,C1065
576733,C16062,C1065
576754,C14218,C1065
576772,C17277,C1065
576792,C16062,C1065
576842,C12766,C1065
576946,C12162,C1065
577026,C16062,C1065
577027,C16062,C1065
577028,C16062,C1065
577030,C16062,C1065
577031,C16062,C1065
577032,C16062,C1065
577034,C16062,C1065
577120,C15266,C1065
577126,C17277,C1065
577130,C13675,C1065
577148,C421,C1065
577163,C14488,C1065
577178,C421,C1065
577189,C17277,C1065
577236,C2428,C1065
577313,C16397,C1065
577328,C16397,C1065
577332,C16397,C1065
577414,C13629,C1065
577437,C14483,C1065
577465,C16397,C1065
577481,C16397,C1065
577488,C13629,C1065
577511,C13026,C1065
577538,C5785,C1065
577567,C17277,C1065
577598,C5785,C1065
577716,C14216,C1065
577772,C14216,C1065
577914,C920,C1065
577921,C17082,C1065
578008,C354,C1065
578069,C5785,C1065
578070,C5785,C1065
578071,C5785,C1065
578073,C5785,C1065
578077,C15266,C1065
578079,C5785,C1065
578081,C5785,C1065
578081,C5828,C1065
578083,C5785,C1065
578205,C17276,C1065
578276,C15180,C1065
578291,C9696,C1065
578384,C421,C1065
578414,C421,C1065
578499,C5785,C1065
578647,C21405,C1065
578779,C7237,C1065
578837,C16033,C1065
578861,C421,C1065
578891,C421,C1065
578902,C18002,C1065
578963,C14488,C1065
579400,C5785,C1065
579456,C58,C1065
579547,C21405,C1065
579562,C5785,C1065
579563,C5785,C1065
579654,C13574,C1065
579659,C14445,C1065
579660,C14445,C1065
579703,C21337,C1065
579738,C5817,C1065
579771,C21337,C1065
579828,C11455,C1065
579847,C3484,C1065
580090,C421,C1065
580093,C20371,C1065
580113,C13988,C1065
580120,C421,C1065
580133,C11996,C1065
580135,C5774,C1065
580279,C16397,C1065
580301,C5785,C1065
580607,C12172,C1065
580691,C9835,C1065
580710,C21428,C1065
580715,C12406,C1065
580738,C18384,C1065
580771,C21428,C1065
580867,C12654,C1065
580936,C15129,C1065
581013,C15266,C1065
581048,C14521,C1065
581097,C8875,C1065
581113,C5785,C1065
581114,C5785,C1065
581116,C5785,C1065
581117,C5785,C1065
581118,C5785,C1065
581126,C5785,C1065
581128,C5778,C1065
581128,C5785,C1065
581202,C5785,C1065
581206,C5785,C1065
581257,C16070,C1065
581376,C421,C1065
581406,C421,C1065
581434,C13907,C1065
581435,C13907,C1065
581437,C13907,C1065
581502,C18384,C1065
581517,C2428,C1065
581522,C13907,C1065
581532,C11455,C1065
581581,C13124,C1065
581865,C11455,C1065
581933,C19748,C1065
