time,user,comp,proc_name,start_or_end
574940,C1065$@DOM1,C1065,P9,Start
574941,C1065$@DOM1,C1065,P9,Start
574950,C1065$@DOM1,C1065,P9,Start
574970,C1065$@DOM1,C1065,P9,Start
575009,C1065$@DOM1,C1065,P156,Start
575009,C1065$@DOM1,C1065,P178,Start
575009,C1065$@DOM1,C1065,P179,Start
575009,C1065$@DOM1,C1065,P283,End
575009,C1065$@DOM1,C1065,P283,Start
575014,C1065$@DOM1,C1065,P209,Start
575015,C1065$@DOM1,C1065,P16,Start
575015,C1065$@DOM1,C1065,P209,End
575017,C1065$@DOM1,C1065,P10,Start
575017,C1065$@DOM1,C1065,P1139,Start
575017,C1065$@DOM1,C1065,P169,Start
575017,C1065$@DOM1,C1065,P171,Start
575017,C1065$@DOM1,C1065,P211,Start
575017,C1065$@DOM1,C1065,P284,Start
575017,C1065$@DOM1,C1065,P44,Start
575017,C1065$@DOM1,C1065,P551,Start
575017,U3549@DOM1,C1065,P168,Start
575018,C1065$@DOM1,C1065,P156,End
575018,C1065$@DOM1,C1065,P5,Start
575018,U3549@DOM1,C1065,P169,End
575018,U3549@DOM1,C1065,P21,End
575018,U3549@DOM1,C1065,P21,Start
575018,U3549@DOM1,C1065,P214,End
575018,U3549@DOM1,C1065,P214,Start
575018,U3549@DOM1,C1065,P5,End
575018,U3549@DOM1,C1065,P792,Start
575020,C1065$@DOM1,C1065,P16,End
575022,C1065$@DOM1,C1065,P158,Start
575022,C1065$@DOM1,C1065,P209,End
575023,U3549@DOM1,C1065,P1139,End
575023,U3549@DOM1,C1065,P284,End
575023,U3549@DOM1,C1065,P728,Start
575024,C1065$@DOM1,C1065,P124,Start
575024,C1065$@DOM1,C1065,P173,Start
575028,C1065$@DOM1,C1065,P16,End
575034,U3549@DOM1,C1065,P728,Start
575036,U3549@DOM1,C1065,P728,Start
575037,U3549@DOM1,C1065,P1139,End
575042,C1065$@DOM1,C1065,P124,Start
575043,U3549@DOM1,C1065,P44,End
575054,C1065$@DOM1,C1065,P9,End
575799,C1065$@DOM1,C1065,P118,Start
575799,U3549@DOM1,C1065,P118,End
575900,C1065$@DOM1,C1065,P16,Start
575900,C1065$@DOM1,C1065,P5,Start
575900,C1065$@DOM1,C1065,P8,Start
575900,U147@DOM1,C1065,P27,Start
575905,C1065$@DOM1,C1065,P16,End
575920,U147@DOM1,C1065,P27,End
575920,U147@DOM1,C1065,P5,End
575948,C1065$@DOM1,C1065,P9,End
576001,C1065$@DOM1,C1065,P16,Start
576001,C1065$@DOM1,C1065,P5,Start
576001,C1065$@DOM1,C1065,P8,Start
576001,U147@DOM1,C1065,P27,Start
576001,U147@DOM1,C1065,P54,Start
576006,C1065$@DOM1,C1065,P16,End
576008,U147@DOM1,C1065,P598,Start
576011,U147@DOM1,C1065,P598,Start
576012,U147@DOM1,C1065,P598,Start
576014,U147@DOM1,C1065,P598,Start
576016,U147@DOM1,C1065,P598,End
576023,U147@DOM1,C1065,P598,Start
576024,U147@DOM1,C1065,P598,End
576024,U147@DOM1,C1065,P598,Start
576025,U147@DOM1,C1065,P598,End
576029,U147@DOM1,C1065,P598,End
576030,U147@DOM1,C1065,P23,End
576030,U147@DOM1,C1065,P24,End
576030,U147@DOM1,C1065,P24,Start
576032,U147@DOM1,C1065,P598,Start
576034,U147@DOM1,C1065,P598,End
576037,U147@DOM1,C1065,P598,Start
576041,U147@DOM1,C1065,P598,Start
576046,U147@DOM1,C1065,P598,Start
576051,U147@DOM1,C1065,P5,End
576051,U147@DOM1,C1065,P54,End
576051,U147@DOM1,C1065,P598,End
576051,U147@DOM1,C1065,P598,Start
576052,U147@DOM1,C1065,P598,End
576053,U147@DOM1,C1065,P598,End
576053,U147@DOM1,C1065,P598,Start
576054,U147@DOM1,C1065,P598,End
576054,U147@DOM1,C1065,P598,Start
576055,U147@DOM1,C1065,P598,Start
576056,U147@DOM1,C1065,P598,End
576057,U147@DOM1,C1065,P598,Start
576058,U147@DOM1,C1065,P598,End
576058,U147@DOM1,C1065,P598,Start
576059,U147@DOM1,C1065,P598,Start
576060,U147@DOM1,C1065,P598,End
576061,U147@DOM1,C1065,P598,End
576061,U147@DOM1,C1065,P598,Start
576062,U147@DOM1,C1065,P598,End
576062,U147@DOM1,C1065,P598,Start
576066,U147@DOM1,C1065,P598,Start
576067,U147@DOM1,C1065,P598,End
576068,U147@DOM1,C1065,P598,End
576068,U147@DOM1,C1065,P598,Start
576069,U147@DOM1,C1065,P598,End
576069,U147@DOM1,C1065,P598,Start
576070,U147@DOM1,C1065,P598,Start
576071,U147@DOM1,C1065,P598,End
576071,U147@DOM1,C1065,P598,Start
576072,U147@DOM1,C1065,P598,End
576072,U147@DOM1,C1065,P598,Start
576073,U147@DOM1,C1065,P598,End
576074,U147@DOM1,C1065,P598,End
576074,U147@DOM1,C1065,P598,Start
576075,U147@DOM1,C1065,P598,End
576076,U147@DOM1,C1065,P598,End
576076,U147@DOM1,C1065,P598,Start
576077,U147@DOM1,C1065,P598,Start
576078,U147@DOM1,C1065,P598,End
576079,U147@DOM1,C1065,P598,End
576079,U147@DOM1,C1065,P598,Start
576080,U147@DOM1,C1065,P598,End
576080,U147@DOM1,C1065,P598,Start
576081,U147@DOM1,C1065,P598,End
576081,U147@DOM1,C1065,P598,Start
576083,U147@DOM1,C1065,P598,End
576083,U147@DOM1,C1065,P598,Start
576084,U147@DOM1,C1065,P598,Start
576085,U147@DOM1,C1065,P598,End
576085,U147@DOM1,C1065,P598,Start
576086,U147@DOM1,C1065,P598,End
576086,U147@DOM1,C1065,P598,Start
576087,U147@DOM1,C1065,P598,End
576088,U147@DOM1,C1065,P598,End
576088,U147@DOM1,C1065,P598,Start
576089,U147@DOM1,C1065,P598,Start
576090,U147@DOM1,C1065,P598,End
576090,U147@DOM1,C1065,P598,Start
576091,U147@DOM1,C1065,P598,End
576092,U147@DOM1,C1065,P598,Start
576093,U147@DOM1,C1065,P598,End
576095,U147@DOM1,C1065,P598,Start
576096,U147@DOM1,C1065,P598,End
576097,U147@DOM1,C1065,P598,Start
576098,U147@DOM1,C1065,P598,End
576098,U147@DOM1,C1065,P598,Start
576099,U147@DOM1,C1065,P598,End
576099,U147@DOM1,C1065,P598,Start
576100,U147@DOM1,C1065,P598,End
576101,U147@DOM1,C1065,P598,End
576101,U147@DOM1,C1065,P598,Start
576102,U147@DOM1,C1065,P598,Start
576103,U147@DOM1,C1065,P598,End
576103,U147@DOM1,C1065,P598,Start
576104,U147@DOM1,C1065,P598,End
576104,U147@DOM1,C1065,P598,Start
576105,U147@DOM1,C1065,P598,End
576106,U147@DOM1,C1065,P598,End
576106,U147@DOM1,C1065,P598,Start
576107,U147@DOM1,C1065,P598,End
576107,U147@DOM1,C1065,P598,Start
576108,U147@DOM1,C1065,P598,Start
576109,U147@DOM1,C1065,P598,End
576109,U147@DOM1,C1065,P598,Start
576110,U147@DOM1,C1065,P598,End
576110,U147@DOM1,C1065,P598,Start
576111,U147@DOM1,C1065,P598,End
576111,U147@DOM1,C1065,P598,Start
576112,U147@DOM1,C1065,P598,End
576113,U147@DOM1,C1065,P598,Start
576114,U147@DOM1,C1065,P598,End
576114,U147@DOM1,C1065,P598,Start
576115,U147@DOM1,C1065,P598,End
576116,U147@DOM1,C1065,P598,End
576116,U147@DOM1,C1065,P598,Start
576117,U147@DOM1,C1065,P598,Start
576118,U147@DOM1,C1065,P598,End
576118,U147@DOM1,C1065,P598,Start
576119,U147@DOM1,C1065,P598,End
576119,U147@DOM1,C1065,P598,Start
576120,U147@DOM1,C1065,P598,End
576120,U147@DOM1,C1065,P598,Start
576121,U147@DOM1,C1065,P598,End
576122,U147@DOM1,C1065,P598,Start
576123,U147@DOM1,C1065,P598,End
576123,U147@DOM1,C1065,P598,Start
576124,U147@DOM1,C1065,P598,End
576126,U147@DOM1,C1065,P598,End
576126,U147@DOM1,C1065,P598,Start
576127,U147@DOM1,C1065,P598,Start
576128,U147@DOM1,C1065,P598,End
576129,U147@DOM1,C1065,P598,End
576129,U147@DOM1,C1065,P598,Start
576130,U147@DOM1,C1065,P598,End
576130,U147@DOM1,C1065,P598,Start
576131,U147@DOM1,C1065,P598,End
576132,U147@DOM1,C1065,P598,Start
576133,U147@DOM1,C1065,P598,End
576133,U147@DOM1,C1065,P598,Start
576134,U147@DOM1,C1065,P598,End
576134,U147@DOM1,C1065,P598,Start
576135,U147@DOM1,C1065,P598,End
576136,U147@DOM1,C1065,P598,End
576136,U147@DOM1,C1065,P598,Start
576137,U147@DOM1,C1065,P598,Start
576138,U147@DOM1,C1065,P598,End
576138,U147@DOM1,C1065,P598,Start
576139,U147@DOM1,C1065,P598,End
576140,U147@DOM1,C1065,P598,End
576140,U147@DOM1,C1065,P598,Start
576141,U147@DOM1,C1065,P598,End
576142,U147@DOM1,C1065,P598,End
576142,U147@DOM1,C1065,P598,Start
576143,U147@DOM1,C1065,P598,Start
576144,U147@DOM1,C1065,P598,End
576144,U147@DOM1,C1065,P598,Start
576145,U147@DOM1,C1065,P598,End
576145,U147@DOM1,C1065,P598,Start
576146,U147@DOM1,C1065,P598,End
576147,U147@DOM1,C1065,P598,End
576147,U147@DOM1,C1065,P598,Start
576148,U147@DOM1,C1065,P598,End
576148,U147@DOM1,C1065,P598,Start
576149,U147@DOM1,C1065,P598,End
576150,U147@DOM1,C1065,P598,Start
576151,U147@DOM1,C1065,P598,End
576151,U147@DOM1,C1065,P598,Start
576152,U147@DOM1,C1065,P598,End
576153,U147@DOM1,C1065,P598,Start
576154,U147@DOM1,C1065,P598,End
576155,U147@DOM1,C1065,P598,End
576155,U147@DOM1,C1065,P598,Start
576156,U147@DOM1,C1065,P598,End
576156,U147@DOM1,C1065,P598,Start
576157,U147@DOM1,C1065,P598,Start
576158,U147@DOM1,C1065,P598,End
576159,U147@DOM1,C1065,P598,End
576159,U147@DOM1,C1065,P598,Start
576160,U147@DOM1,C1065,P598,Start
576161,U147@DOM1,C1065,P598,End
576161,U147@DOM1,C1065,P598,Start
576162,U147@DOM1,C1065,P598,End
576163,U147@DOM1,C1065,P598,Start
576164,U147@DOM1,C1065,P598,End
576166,U147@DOM1,C1065,P598,Start
576167,U147@DOM1,C1065,P598,End
576168,U147@DOM1,C1065,P598,Start
576169,U147@DOM1,C1065,P598,End
576170,U147@DOM1,C1065,P598,Start
576174,U147@DOM1,C1065,P598,Start
576175,U147@DOM1,C1065,P598,End
576175,U147@DOM1,C1065,P598,Start
576176,U147@DOM1,C1065,P598,End
576177,U147@DOM1,C1065,P598,Start
576178,U147@DOM1,C1065,P598,End
576178,U147@DOM1,C1065,P598,Start
576179,U147@DOM1,C1065,P598,End
576180,U147@DOM1,C1065,P598,End
576180,U147@DOM1,C1065,P598,Start
576181,U147@DOM1,C1065,P598,End
576181,U147@DOM1,C1065,P598,Start
576182,U147@DOM1,C1065,P598,End
576182,U147@DOM1,C1065,P598,Start
576183,U147@DOM1,C1065,P598,End
576183,U147@DOM1,C1065,P598,Start
576184,U147@DOM1,C1065,P598,End
576184,U147@DOM1,C1065,P598,Start
576185,U147@DOM1,C1065,P598,End
576185,U147@DOM1,C1065,P598,Start
576186,U147@DOM1,C1065,P598,End
576186,U147@DOM1,C1065,P598,Start
576187,U147@DOM1,C1065,P598,End
576187,U147@DOM1,C1065,P598,Start
576188,U147@DOM1,C1065,P598,End
576188,U147@DOM1,C1065,P598,Start
576189,U147@DOM1,C1065,P598,End
576189,U147@DOM1,C1065,P598,Start
576190,U147@DOM1,C1065,P598,Start
576191,U147@DOM1,C1065,P598,End
576192,U147@DOM1,C1065,P598,End
576192,U147@DOM1,C1065,P598,Start
576193,U147@DOM1,C1065,P598,Start
576194,U147@DOM1,C1065,P598,End
576195,U147@DOM1,C1065,P598,Start
576197,U147@DOM1,C1065,P598,End
576197,U147@DOM1,C1065,P598,Start
576198,U147@DOM1,C1065,P598,End
576198,U147@DOM1,C1065,P598,Start
576199,U147@DOM1,C1065,P598,End
576199,U147@DOM1,C1065,P598,Start
576200,U147@DOM1,C1065,P598,End
576200,U147@DOM1,C1065,P598,Start
576201,U147@DOM1,C1065,P598,End
576201,U147@DOM1,C1065,P598,Start
576202,U147@DOM1,C1065,P598,End
576202,U147@DOM1,C1065,P598,Start
576203,U147@DOM1,C1065,P598,End
576204,U147@DOM1,C1065,P598,End
576204,U147@DOM1,C1065,P598,Start
576205,U147@DOM1,C1065,P598,Start
576206,U147@DOM1,C1065,P598,End
576206,U147@DOM1,C1065,P598,Start
576207,U147@DOM1,C1065,P598,End
576207,U147@DOM1,C1065,P598,Start
576208,U147@DOM1,C1065,P598,End
576208,U147@DOM1,C1065,P598,Start
576209,U147@DOM1,C1065,P598,End
576209,U147@DOM1,C1065,P598,Start
576210,U147@DOM1,C1065,P598,End
576210,U147@DOM1,C1065,P598,Start
576211,U147@DOM1,C1065,P598,End
576211,U147@DOM1,C1065,P598,Start
576212,U147@DOM1,C1065,P598,End
576212,U147@DOM1,C1065,P598,Start
576213,U147@DOM1,C1065,P598,End
576213,U147@DOM1,C1065,P598,Start
576214,U147@DOM1,C1065,P598,End
576214,U147@DOM1,C1065,P598,Start
576215,U147@DOM1,C1065,P598,End
576216,U147@DOM1,C1065,P598,End
576216,U147@DOM1,C1065,P598,Start
576217,U147@DOM1,C1065,P598,End
576217,U147@DOM1,C1065,P598,Start
576218,U147@DOM1,C1065,P598,End
576219,U147@DOM1,C1065,P598,Start
576220,U147@DOM1,C1065,P598,End
576220,U147@DOM1,C1065,P598,Start
576221,U147@DOM1,C1065,P598,End
576221,U147@DOM1,C1065,P598,Start
576222,U147@DOM1,C1065,P598,End
576222,U147@DOM1,C1065,P598,Start
576223,U147@DOM1,C1065,P598,End
576223,U147@DOM1,C1065,P598,Start
576224,U147@DOM1,C1065,P598,End
576224,U147@DOM1,C1065,P598,Start
576225,U147@DOM1,C1065,P598,End
576226,U147@DOM1,C1065,P598,End
576226,U147@DOM1,C1065,P598,Start
576227,U147@DOM1,C1065,P598,End
576227,U147@DOM1,C1065,P598,Start
576228,U147@DOM1,C1065,P598,End
576229,U147@DOM1,C1065,P598,End
576229,U147@DOM1,C1065,P598,Start
576230,U147@DOM1,C1065,P598,End
576230,U147@DOM1,C1065,P598,Start
576231,U147@DOM1,C1065,P598,End
576232,U147@DOM1,C1065,P598,End
576232,U147@DOM1,C1065,P598,Start
576233,U147@DOM1,C1065,P598,End
576233,U147@DOM1,C1065,P598,Start
576234,U147@DOM1,C1065,P598,Start
576235,U147@DOM1,C1065,P598,End
576235,U147@DOM1,C1065,P598,Start
576236,U147@DOM1,C1065,P598,End
576236,U147@DOM1,C1065,P598,Start
576237,U147@DOM1,C1065,P598,Start
576238,U147@DOM1,C1065,P598,End
576238,U147@DOM1,C1065,P598,Start
576239,U147@DOM1,C1065,P598,End
576239,U147@DOM1,C1065,P598,Start
576240,U147@DOM1,C1065,P598,End
576240,U147@DOM1,C1065,P598,Start
576241,U147@DOM1,C1065,P598,End
576241,U147@DOM1,C1065,P598,Start
576242,U147@DOM1,C1065,P598,End
576242,U147@DOM1,C1065,P598,Start
576243,U147@DOM1,C1065,P598,End
576244,U147@DOM1,C1065,P598,End
576244,U147@DOM1,C1065,P598,Start
576245,U147@DOM1,C1065,P598,End
576246,U147@DOM1,C1065,P598,End
576246,U147@DOM1,C1065,P598,Start
576247,U147@DOM1,C1065,P598,Start
576248,U147@DOM1,C1065,P598,End
576248,U147@DOM1,C1065,P598,Start
576249,U147@DOM1,C1065,P598,End
576249,U147@DOM1,C1065,P598,Start
576250,U147@DOM1,C1065,P598,End
576250,U147@DOM1,C1065,P598,Start
576251,U147@DOM1,C1065,P598,End
576252,U147@DOM1,C1065,P598,End
576252,U147@DOM1,C1065,P598,Start
576253,U147@DOM1,C1065,P598,Start
576254,U147@DOM1,C1065,P598,End
576254,U147@DOM1,C1065,P598,Start
576255,U147@DOM1,C1065,P598,End
576255,U147@DOM1,C1065,P598,Start
576256,U147@DOM1,C1065,P598,End
576256,U147@DOM1,C1065,P598,Start
576257,U147@DOM1,C1065,P598,End
576257,U147@DOM1,C1065,P598,Start
576258,U147@DOM1,C1065,P598,End
576258,U147@DOM1,C1065,P598,Start
576259,U147@DOM1,C1065,P598,End
576259,U147@DOM1,C1065,P598,Start
576260,U147@DOM1,C1065,P598,End
576260,U147@DOM1,C1065,P598,Start
576261,U147@DOM1,C1065,P598,End
576261,U147@DOM1,C1065,P598,Start
576262,U147@DOM1,C1065,P598,End
576262,U147@DOM1,C1065,P598,Start
576263,U147@DOM1,C1065,P598,End
576264,U147@DOM1,C1065,P598,End
576264,U147@DOM1,C1065,P598,Start
576265,U147@DOM1,C1065,P598,End
576266,U147@DOM1,C1065,P598,End
576266,U147@DOM1,C1065,P598,Start
576267,U147@DOM1,C1065,P598,Start
576268,U147@DOM1,C1065,P598,End
576268,U147@DOM1,C1065,P598,Start
576269,U147@DOM1,C1065,P598,End
576270,U147@DOM1,C1065,P598,End
576270,U147@DOM1,C1065,P598,Start
576271,U147@DOM1,C1065,P598,Start
576272,U147@DOM1,C1065,P598,End
576278,U147@DOM1,C1065,P598,End
576278,U147@DOM1,C1065,P598,Start
576279,U147@DOM1,C1065,P598,End
576279,U147@DOM1,C1065,P598,Start
576280,U147@DOM1,C1065,P598,Start
576281,U147@DOM1,C1065,P598,End
576281,U147@DOM1,C1065,P598,Start
576282,U147@DOM1,C1065,P598,End
576282,U147@DOM1,C1065,P598,Start
576283,U147@DOM1,C1065,P598,End
576284,U147@DOM1,C1065,P598,End
576284,U147@DOM1,C1065,P598,Start
576285,U147@DOM1,C1065,P598,End
576285,U147@DOM1,C1065,P598,Start
576286,U147@DOM1,C1065,P598,End
576286,U147@DOM1,C1065,P598,Start
576287,U147@DOM1,C1065,P598,End
576287,U147@DOM1,C1065,P598,Start
576288,U147@DOM1,C1065,P598,End
576288,U147@DOM1,C1065,P598,Start
576289,U147@DOM1,C1065,P598,End
576289,U147@DOM1,C1065,P598,Start
576290,U147@DOM1,C1065,P598,End
576290,U147@DOM1,C1065,P598,Start
576291,U147@DOM1,C1065,P598,End
576291,U147@DOM1,C1065,P598,Start
576292,U147@DOM1,C1065,P598,End
576292,U147@DOM1,C1065,P598,Start
576293,U147@DOM1,C1065,P598,Start
576294,U147@DOM1,C1065,P598,End
576294,U147@DOM1,C1065,P598,Start
576295,U147@DOM1,C1065,P598,End
576295,U147@DOM1,C1065,P598,Start
576296,U147@DOM1,C1065,P598,End
576296,U147@DOM1,C1065,P598,Start
576297,U147@DOM1,C1065,P598,End
576297,U147@DOM1,C1065,P598,Start
576298,U147@DOM1,C1065,P598,End
576299,U147@DOM1,C1065,P598,End
576299,U147@DOM1,C1065,P598,Start
576300,U147@DOM1,C1065,P598,End
576300,U147@DOM1,C1065,P598,Start
576301,U147@DOM1,C1065,P598,End
576301,U147@DOM1,C1065,P598,Start
576302,U147@DOM1,C1065,P598,Start
576303,U147@DOM1,C1065,P598,End
576303,U147@DOM1,C1065,P598,Start
576304,U147@DOM1,C1065,P598,Start
576305,U147@DOM1,C1065,P598,End
576307,U147@DOM1,C1065,P598,End
576307,U147@DOM1,C1065,P598,Start
576308,U147@DOM1,C1065,P598,End
576308,U147@DOM1,C1065,P598,Start
576309,U147@DOM1,C1065,P598,End
576309,U147@DOM1,C1065,P598,Start
576310,U147@DOM1,C1065,P598,End
576310,U147@DOM1,C1065,P598,Start
576311,U147@DOM1,C1065,P598,End
576311,U147@DOM1,C1065,P598,Start
576312,U147@DOM1,C1065,P598,End
576312,U147@DOM1,C1065,P598,Start
576313,U147@DOM1,C1065,P598,End
576313,U147@DOM1,C1065,P598,Start
576314,U147@DOM1,C1065,P598,End
576314,U147@DOM1,C1065,P598,Start
576315,U147@DOM1,C1065,P598,End
576315,U147@DOM1,C1065,P598,Start
576316,U147@DOM1,C1065,P598,End
576316,U147@DOM1,C1065,P598,Start
576317,U147@DOM1,C1065,P598,Start
576318,U147@DOM1,C1065,P598,End
576318,U147@DOM1,C1065,P598,Start
576319,U147@DOM1,C1065,P598,End
576319,U147@DOM1,C1065,P598,Start
576320,U147@DOM1,C1065,P598,End
576320,U147@DOM1,C1065,P598,Start
576321,U147@DOM1,C1065,P598,End
576321,U147@DOM1,C1065,P598,Start
576322,U147@DOM1,C1065,P598,End
576322,U147@DOM1,C1065,P598,Start
576323,U147@DOM1,C1065,P598,End
576323,U147@DOM1,C1065,P598,Start
576324,U147@DOM1,C1065,P598,End
576324,U147@DOM1,C1065,P598,Start
576325,U147@DOM1,C1065,P598,End
576325,U147@DOM1,C1065,P598,Start
576326,U147@DOM1,C1065,P598,End
576326,U147@DOM1,C1065,P598,Start
576327,U147@DOM1,C1065,P598,End
576327,U147@DOM1,C1065,P598,Start
576328,U147@DOM1,C1065,P598,End
576328,U147@DOM1,C1065,P598,Start
576329,U147@DOM1,C1065,P598,End
576329,U147@DOM1,C1065,P598,Start
576330,U147@DOM1,C1065,P598,Start
576331,U147@DOM1,C1065,P598,End
576331,U147@DOM1,C1065,P598,Start
576332,U147@DOM1,C1065,P598,End
576332,U147@DOM1,C1065,P598,Start
576333,U147@DOM1,C1065,P598,End
576333,U147@DOM1,C1065,P598,Start
576334,U147@DOM1,C1065,P598,End
576334,U147@DOM1,C1065,P598,Start
576335,U147@DOM1,C1065,P598,End
576335,U147@DOM1,C1065,P598,Start
576336,U147@DOM1,C1065,P598,End
576337,U147@DOM1,C1065,P598,End
576337,U147@DOM1,C1065,P598,Start
576338,U147@DOM1,C1065,P598,End
576338,U147@DOM1,C1065,P598,Start
576339,U147@DOM1,C1065,P598,Start
576340,U147@DOM1,C1065,P598,End
576340,U147@DOM1,C1065,P598,Start
576341,U147@DOM1,C1065,P598,End
576341,U147@DOM1,C1065,P598,Start
576342,U147@DOM1,C1065,P598,End
576342,U147@DOM1,C1065,P598,Start
576343,U147@DOM1,C1065,P598,End
576343,U147@DOM1,C1065,P598,Start
576344,U147@DOM1,C1065,P598,End
576344,U147@DOM1,C1065,P598,Start
576345,U147@DOM1,C1065,P598,End
576345,U147@DOM1,C1065,P598,Start
576346,U147@DOM1,C1065,P598,End
576346,U147@DOM1,C1065,P598,Start
576347,U147@DOM1,C1065,P598,End
576348,U147@DOM1,C1065,P598,End
576348,U147@DOM1,C1065,P598,Start
576349,U147@DOM1,C1065,P598,End
576349,U147@DOM1,C1065,P598,Start
576350,U147@DOM1,C1065,P598,End
576350,U147@DOM1,C1065,P598,Start
576351,U147@DOM1,C1065,P598,End
576352,U147@DOM1,C1065,P598,End
576352,U147@DOM1,C1065,P598,Start
576353,U147@DOM1,C1065,P598,End
576353,U147@DOM1,C1065,P598,Start
576354,U147@DOM1,C1065,P598,Start
576355,U147@DOM1,C1065,P598,End
576355,U147@DOM1,C1065,P598,Start
576356,U147@DOM1,C1065,P598,End
576356,U147@DOM1,C1065,P598,Start
576357,U147@DOM1,C1065,P598,End
576357,U147@DOM1,C1065,P598,Start
576358,U147@DOM1,C1065,P598,End
576358,U147@DOM1,C1065,P598,Start
576359,U147@DOM1,C1065,P598,End
576359,U147@DOM1,C1065,P598,Start
576360,U147@DOM1,C1065,P598,End
576360,U147@DOM1,C1065,P598,Start
576361,U147@DOM1,C1065,P598,End
576361,U147@DOM1,C1065,P598,Start
576362,U147@DOM1,C1065,P598,End
576363,U147@DOM1,C1065,P598,End
576363,U147@DOM1,C1065,P598,Start
576364,U147@DOM1,C1065,P598,End
576364,U147@DOM1,C1065,P598,Start
576365,U147@DOM1,C1065,P598,End
576366,U147@DOM1,C1065,P598,End
576366,U147@DOM1,C1065,P598,Start
576367,U147@DOM1,C1065,P598,End
576367,U147@DOM1,C1065,P598,Start
576368,U147@DOM1,C1065,P598,End
576368,U147@DOM1,C1065,P598,Start
576369,U147@DOM1,C1065,P598,End
576369,U147@DOM1,C1065,P598,Start
576370,U147@DOM1,C1065,P598,Start
576371,U147@DOM1,C1065,P598,End
576371,U147@DOM1,C1065,P598,Start
576372,U147@DOM1,C1065,P598,End
576372,U147@DOM1,C1065,P598,Start
576373,U147@DOM1,C1065,P598,End
576374,U147@DOM1,C1065,P598,End
576374,U147@DOM1,C1065,P598,Start
576375,U147@DOM1,C1065,P598,End
576375,U147@DOM1,C1065,P598,Start
576376,U147@DOM1,C1065,P598,End
576376,U147@DOM1,C1065,P598,Start
576377,U147@DOM1,C1065,P598,Start
576378,U147@DOM1,C1065,P598,End
576378,U147@DOM1,C1065,P598,Start
576379,U147@DOM1,C1065,P598,End
576379,U147@DOM1,C1065,P598,Start
576380,U147@DOM1,C1065,P598,End
576381,U147@DOM1,C1065,P598,End
576381,U147@DOM1,C1065,P598,Start
576382,U147@DOM1,C1065,P598,End
576382,U147@DOM1,C1065,P598,Start
576383,U147@DOM1,C1065,P598,End
576383,U147@DOM1,C1065,P598,Start
576384,U147@DOM1,C1065,P598,End
576384,U147@DOM1,C1065,P598,Start
576385,U147@DOM1,C1065,P598,End
576385,U147@DOM1,C1065,P598,Start
576386,U147@DOM1,C1065,P598,End
576386,U147@DOM1,C1065,P598,Start
576387,U147@DOM1,C1065,P598,End
576388,U147@DOM1,C1065,P598,End
576388,U147@DOM1,C1065,P598,Start
576389,U147@DOM1,C1065,P598,End
576389,U147@DOM1,C1065,P598,Start
576390,U147@DOM1,C1065,P598,End
576390,U147@DOM1,C1065,P598,Start
576391,U147@DOM1,C1065,P598,End
576391,U147@DOM1,C1065,P598,Start
576392,U147@DOM1,C1065,P598,Start
576393,U147@DOM1,C1065,P598,End
576394,U147@DOM1,C1065,P598,End
576394,U147@DOM1,C1065,P598,Start
576395,U147@DOM1,C1065,P598,End
576395,U147@DOM1,C1065,P598,Start
576396,U147@DOM1,C1065,P598,End
576396,U147@DOM1,C1065,P598,Start
576397,U147@DOM1,C1065,P598,End
576397,U147@DOM1,C1065,P598,Start
576398,U147@DOM1,C1065,P598,End
576398,U147@DOM1,C1065,P598,Start
576399,U147@DOM1,C1065,P598,End
576399,U147@DOM1,C1065,P598,Start
576400,U147@DOM1,C1065,P598,End
576401,U147@DOM1,C1065,P598,End
576401,U147@DOM1,C1065,P598,Start
576402,U147@DOM1,C1065,P598,End
576402,U147@DOM1,C1065,P598,Start
576403,U147@DOM1,C1065,P598,End
576403,U147@DOM1,C1065,P598,Start
576404,U147@DOM1,C1065,P598,End
576404,U147@DOM1,C1065,P598,Start
576405,U147@DOM1,C1065,P598,End
576405,U147@DOM1,C1065,P598,Start
576406,U147@DOM1,C1065,P598,End
576406,U147@DOM1,C1065,P598,Start
576407,U147@DOM1,C1065,P598,Start
576408,U147@DOM1,C1065,P598,End
576408,U147@DOM1,C1065,P598,Start
576409,U147@DOM1,C1065,P598,End
576410,U147@DOM1,C1065,P598,End
576410,U147@DOM1,C1065,P598,Start
576411,U147@DOM1,C1065,P598,End
576411,U147@DOM1,C1065,P598,Start
576412,U147@DOM1,C1065,P598,End
576412,U147@DOM1,C1065,P598,Start
576413,U147@DOM1,C1065,P598,End
576413,U147@DOM1,C1065,P598,Start
576414,U147@DOM1,C1065,P598,End
576414,U147@DOM1,C1065,P598,Start
576415,U147@DOM1,C1065,P598,Start
576416,U147@DOM1,C1065,P598,End
576416,U147@DOM1,C1065,P598,Start
576417,U147@DOM1,C1065,P598,End
576418,U147@DOM1,C1065,P598,End
576418,U147@DOM1,C1065,P598,Start
576419,U147@DOM1,C1065,P598,End
576419,U147@DOM1,C1065,P598,Start
576420,U147@DOM1,C1065,P598,End
576420,U147@DOM1,C1065,P598,Start
576421,U147@DOM1,C1065,P598,End
576421,U147@DOM1,C1065,P598,Start
576422,U147@DOM1,C1065,P598,Start
576423,U147@DOM1,C1065,P598,End
576423,U147@DOM1,C1065,P598,Start
576424,U147@DOM1,C1065,P598,End
576424,U147@DOM1,C1065,P598,Start
576425,U147@DOM1,C1065,P598,End
576425,U147@DOM1,C1065,P598,Start
576426,U147@DOM1,C1065,P598,End
576427,U147@DOM1,C1065,P598,End
576427,U147@DOM1,C1065,P598,Start
576428,U147@DOM1,C1065,P598,End
576428,U147@DOM1,C1065,P598,Start
576429,U147@DOM1,C1065,P598,End
576429,U147@DOM1,C1065,P598,Start
576430,U147@DOM1,C1065,P598,End
576431,U147@DOM1,C1065,P598,End
576431,U147@DOM1,C1065,P598,Start
576432,U147@DOM1,C1065,P598,End
576433,U147@DOM1,C1065,P598,End
576433,U147@DOM1,C1065,P598,Start
576434,U147@DOM1,C1065,P598,Start
576435,U147@DOM1,C1065,P598,End
576435,U147@DOM1,C1065,P598,Start
576436,U147@DOM1,C1065,P598,End
576436,U147@DOM1,C1065,P598,Start
576437,U147@DOM1,C1065,P598,End
576438,U147@DOM1,C1065,P598,End
576438,U147@DOM1,C1065,P598,Start
576439,U147@DOM1,C1065,P598,End
576439,U147@DOM1,C1065,P598,Start
576440,U147@DOM1,C1065,P598,End
576440,U147@DOM1,C1065,P598,Start
576441,U147@DOM1,C1065,P598,End
576442,U147@DOM1,C1065,P598,End
576442,U147@DOM1,C1065,P598,Start
576443,U147@DOM1,C1065,P598,End
576443,U147@DOM1,C1065,P598,Start
576444,U147@DOM1,C1065,P598,End
576444,U147@DOM1,C1065,P598,Start
576445,U147@DOM1,C1065,P598,End
576445,U147@DOM1,C1065,P598,Start
576446,U147@DOM1,C1065,P598,End
576446,U147@DOM1,C1065,P598,Start
576447,U147@DOM1,C1065,P598,End
576447,U147@DOM1,C1065,P598,Start
576448,U147@DOM1,C1065,P598,End
576448,U147@DOM1,C1065,P598,Start
576449,U147@DOM1,C1065,P598,End
576449,U147@DOM1,C1065,P598,Start
576450,U147@DOM1,C1065,P598,End
576450,U147@DOM1,C1065,P598,Start
576451,U147@DOM1,C1065,P598,End
576451,U147@DOM1,C1065,P598,Start
576452,U147@DOM1,C1065,P598,End
576452,U147@DOM1,C1065,P598,Start
576453,U147@DOM1,C1065,P598,End
576453,U147@DOM1,C1065,P598,Start
576454,U147@DOM1,C1065,P598,End
576454,U147@DOM1,C1065,P598,Start
576455,U147@DOM1,C1065,P598,End
576455,U147@DOM1,C1065,P598,Start
576456,U147@DOM1,C1065,P598,End
576456,U147@DOM1,C1065,P598,Start
576457,U147@DOM1,C1065,P598,End
576458,U147@DOM1,C1065,P598,End
576458,U147@DOM1,C1065,P598,Start
576459,U147@DOM1,C1065,P598,End
576459,U147@DOM1,C1065,P598,Start
576460,U147@DOM1,C1065,P598,End
576461,U147@DOM1,C1065,P598,End
576461,U147@DOM1,C1065,P598,Start
576462,U147@DOM1,C1065,P598,End
576462,U147@DOM1,C1065,P598,Start
576463,U147@DOM1,C1065,P598,End
576463,U147@DOM1,C1065,P598,Start
576464,U147@DOM1,C1065,P598,End
576464,U147@DOM1,C1065,P598,Start
576465,U147@DOM1,C1065,P598,End
576465,U147@DOM1,C1065,P598,Start
576466,U147@DOM1,C1065,P598,End
576467,U147@DOM1,C1065,P598,Start
576468,U147@DOM1,C1065,P598,End
576468,U147@DOM1,C1065,P598,Start
576469,U147@DOM1,C1065,P598,End
576469,U147@DOM1,C1065,P598,Start
576470,U147@DOM1,C1065,P598,End
576470,U147@DOM1,C1065,P598,Start
576471,U147@DOM1,C1065,P598,End
576471,U147@DOM1,C1065,P598,Start
576472,U147@DOM1,C1065,P598,Start
576473,U147@DOM1,C1065,P598,End
576473,U147@DOM1,C1065,P598,Start
576474,U147@DOM1,C1065,P598,End
576474,U147@DOM1,C1065,P598,Start
576475,U147@DOM1,C1065,P598,End
576475,U147@DOM1,C1065,P598,Start
576476,U147@DOM1,C1065,P598,End
576476,U147@DOM1,C1065,P598,Start
576477,U147@DOM1,C1065,P598,End
576478,U147@DOM1,C1065,P598,End
576478,U147@DOM1,C1065,P598,Start
576479,U147@DOM1,C1065,P598,Start
576480,U147@DOM1,C1065,P598,End
576480,U147@DOM1,C1065,P598,Start
576481,U147@DOM1,C1065,P598,End
576481,U147@DOM1,C1065,P598,Start
576482,U147@DOM1,C1065,P598,End
576482,U147@DOM1,C1065,P598,Start
576483,U147@DOM1,C1065,P598,End
576483,U147@DOM1,C1065,P598,Start
576484,U147@DOM1,C1065,P598,End
576486,U147@DOM1,C1065,P598,End
576486,U147@DOM1,C1065,P598,Start
576487,U147@DOM1,C1065,P598,Start
576488,U147@DOM1,C1065,P598,End
576488,U147@DOM1,C1065,P598,Start
576489,U147@DOM1,C1065,P598,End
576489,U147@DOM1,C1065,P598,Start
576490,U147@DOM1,C1065,P598,End
576490,U147@DOM1,C1065,P598,Start
576491,U147@DOM1,C1065,P598,End
576492,U147@DOM1,C1065,P598,End
576492,U147@DOM1,C1065,P598,Start
576493,U147@DOM1,C1065,P598,End
576493,U147@DOM1,C1065,P598,Start
576494,U147@DOM1,C1065,P598,End
576494,U147@DOM1,C1065,P598,Start
576495,U147@DOM1,C1065,P598,End
576495,U147@DOM1,C1065,P598,Start
576496,U147@DOM1,C1065,P598,End
576496,U147@DOM1,C1065,P598,Start
576497,U147@DOM1,C1065,P598,End
576497,U147@DOM1,C1065,P598,Start
576498,U147@DOM1,C1065,P598,End
576498,U147@DOM1,C1065,P598,Start
576499,U147@DOM1,C1065,P598,End
576499,U147@DOM1,C1065,P598,Start
576500,U147@DOM1,C1065,P598,End
576500,U147@DOM1,C1065,P598,Start
576501,U147@DOM1,C1065,P598,End
576501,U147@DOM1,C1065,P598,Start
576502,U147@DOM1,C1065,P598,End
576503,U147@DOM1,C1065,P598,End
576503,U147@DOM1,C1065,P598,Start
576504,U147@DOM1,C1065,P598,End
576504,U147@DOM1,C1065,P598,Start
576505,U147@DOM1,C1065,P598,End
576506,U147@DOM1,C1065,P598,End
576506,U147@DOM1,C1065,P598,Start
576507,U147@DOM1,C1065,P598,End
576507,U147@DOM1,C1065,P598,Start
576508,U147@DOM1,C1065,P598,End
576508,U147@DOM1,C1065,P598,Start
576509,U147@DOM1,C1065,P598,End
576509,U147@DOM1,C1065,P598,Start
576510,U147@DOM1,C1065,P598,Start
576511,U147@DOM1,C1065,P598,End
576511,U147@DOM1,C1065,P598,Start
576512,U147@DOM1,C1065,P598,End
576512,U147@DOM1,C1065,P598,Start
576513,U147@DOM1,C1065,P598,End
576513,U147@DOM1,C1065,P598,Start
576514,U147@DOM1,C1065,P598,End
576514,U147@DOM1,C1065,P598,Start
576515,U147@DOM1,C1065,P598,End
576515,U147@DOM1,C1065,P598,Start
576516,U147@DOM1,C1065,P598,End
576516,U147@DOM1,C1065,P598,Start
576517,U147@DOM1,C1065,P598,End
576518,U147@DOM1,C1065,P598,End
576518,U147@DOM1,C1065,P598,Start
576519,U147@DOM1,C1065,P598,End
576520,U147@DOM1,C1065,P598,End
576520,U147@DOM1,C1065,P598,Start
576521,U147@DOM1,C1065,P598,End
576522,U147@DOM1,C1065,P598,End
576522,U147@DOM1,C1065,P598,Start
576523,U147@DOM1,C1065,P598,End
576523,U147@DOM1,C1065,P598,Start
576524,U147@DOM1,C1065,P598,End
576525,U147@DOM1,C1065,P598,End
576525,U147@DOM1,C1065,P598,Start
576526,U147@DOM1,C1065,P598,End
576526,U147@DOM1,C1065,P598,Start
576527,U147@DOM1,C1065,P598,End
576528,U147@DOM1,C1065,P598,End
576528,U147@DOM1,C1065,P598,Start
576529,U147@DOM1,C1065,P598,End
576529,U147@DOM1,C1065,P598,Start
576530,U147@DOM1,C1065,P598,End
576531,U147@DOM1,C1065,P598,End
576531,U147@DOM1,C1065,P598,Start
576533,U147@DOM1,C1065,P598,End
576533,U147@DOM1,C1065,P598,Start
576534,U147@DOM1,C1065,P598,End
576534,U147@DOM1,C1065,P598,Start
576535,U147@DOM1,C1065,P598,End
576536,U147@DOM1,C1065,P598,End
576536,U147@DOM1,C1065,P598,Start
576537,U147@DOM1,C1065,P598,End
576538,U147@DOM1,C1065,P598,End
576538,U147@DOM1,C1065,P598,Start
576539,U147@DOM1,C1065,P598,End
576539,U147@DOM1,C1065,P598,Start
576540,U147@DOM1,C1065,P598,End
576540,U147@DOM1,C1065,P598,Start
576541,U147@DOM1,C1065,P598,End
576542,U147@DOM1,C1065,P598,End
576542,U147@DOM1,C1065,P598,Start
576543,U147@DOM1,C1065,P598,End
576543,U147@DOM1,C1065,P598,Start
576544,U147@DOM1,C1065,P598,Start
576545,U147@DOM1,C1065,P598,End
576545,U147@DOM1,C1065,P598,Start
576546,U147@DOM1,C1065,P598,End
576546,U147@DOM1,C1065,P598,Start
576547,U147@DOM1,C1065,P598,End
576547,U147@DOM1,C1065,P598,Start
576548,U147@DOM1,C1065,P598,End
576548,U147@DOM1,C1065,P598,Start
576549,U147@DOM1,C1065,P598,End
576549,U147@DOM1,C1065,P598,Start
576550,U147@DOM1,C1065,P598,End
576550,U147@DOM1,C1065,P598,Start
576551,U147@DOM1,C1065,P598,End
576551,U147@DOM1,C1065,P598,Start
576552,U147@DOM1,C1065,P598,End
576552,U147@DOM1,C1065,P598,Start
576553,U147@DOM1,C1065,P598,End
576553,U147@DOM1,C1065,P598,Start
576554,U147@DOM1,C1065,P598,End
576554,U147@DOM1,C1065,P598,Start
576555,U147@DOM1,C1065,P598,End
576555,U147@DOM1,C1065,P598,Start
576556,U147@DOM1,C1065,P598,End
576556,U147@DOM1,C1065,P598,Start
576557,U147@DOM1,C1065,P598,End
576557,U147@DOM1,C1065,P598,Start
576558,U147@DOM1,C1065,P598,End
576559,U147@DOM1,C1065,P598,End
576559,U147@DOM1,C1065,P598,Start
576560,U147@DOM1,C1065,P598,End
576561,U147@DOM1,C1065,P598,End
576561,U147@DOM1,C1065,P598,Start
576562,U147@DOM1,C1065,P598,Start
576563,U147@DOM1,C1065,P598,End
576563,U147@DOM1,C1065,P598,Start
576564,U147@DOM1,C1065,P598,Start
576565,U147@DOM1,C1065,P598,End
576566,U147@DOM1,C1065,P598,End
576566,U147@DOM1,C1065,P598,Start
576567,U147@DOM1,C1065,P598,End
576567,U147@DOM1,C1065,P598,Start
576568,U147@DOM1,C1065,P598,End
576570,U147@DOM1,C1065,P598,End
576570,U147@DOM1,C1065,P598,Start
576571,U147@DOM1,C1065,P598,End
576571,U147@DOM1,C1065,P598,Start
576572,U147@DOM1,C1065,P598,End
576572,U147@DOM1,C1065,P598,Start
576573,U147@DOM1,C1065,P598,End
576573,U147@DOM1,C1065,P598,Start
576574,U147@DOM1,C1065,P598,End
576574,U147@DOM1,C1065,P598,Start
576575,U147@DOM1,C1065,P598,End
576575,U147@DOM1,C1065,P598,Start
576576,U147@DOM1,C1065,P598,End
576576,U147@DOM1,C1065,P598,Start
576577,U147@DOM1,C1065,P598,End
576577,U147@DOM1,C1065,P598,Start
576578,U147@DOM1,C1065,P598,End
576578,U147@DOM1,C1065,P598,Start
576579,U147@DOM1,C1065,P598,End
576579,U147@DOM1,C1065,P598,Start
576580,U147@DOM1,C1065,P598,End
576580,U147@DOM1,C1065,P598,Start
576581,U147@DOM1,C1065,P598,End
576581,U147@DOM1,C1065,P598,Start
576582,U147@DOM1,C1065,P598,End
576582,U147@DOM1,C1065,P598,Start
576583,U147@DOM1,C1065,P598,End
576583,U147@DOM1,C1065,P598,Start
576584,U147@DOM1,C1065,P598,End
576584,U147@DOM1,C1065,P598,Start
576585,U147@DOM1,C1065,P598,End
576585,U147@DOM1,C1065,P598,Start
576586,U147@DOM1,C1065,P598,End
576586,U147@DOM1,C1065,P598,Start
576587,U147@DOM1,C1065,P598,End
576587,U147@DOM1,C1065,P598,Start
576588,U147@DOM1,C1065,P598,End
576588,U147@DOM1,C1065,P598,Start
576589,U147@DOM1,C1065,P598,End
576589,U147@DOM1,C1065,P598,Start
576590,U147@DOM1,C1065,P598,End
576590,U147@DOM1,C1065,P598,Start
576591,U147@DOM1,C1065,P598,End
576591,U147@DOM1,C1065,P598,Start
576592,U147@DOM1,C1065,P598,End
576592,U147@DOM1,C1065,P598,Start
576593,U147@DOM1,C1065,P598,End
576594,U147@DOM1,C1065,P598,End
576594,U147@DOM1,C1065,P598,Start
576595,U147@DOM1,C1065,P598,Start
576596,U147@DOM1,C1065,P598,End
576596,U147@DOM1,C1065,P598,Start
576597,U147@DOM1,C1065,P598,End
576597,U147@DOM1,C1065,P598,Start
576598,U147@DOM1,C1065,P598,End
576598,U147@DOM1,C1065,P598,Start
576599,U147@DOM1,C1065,P598,End
576599,U147@DOM1,C1065,P598,Start
576600,U147@DOM1,C1065,P598,End
576600,U147@DOM1,C1065,P598,Start
576601,U147@DOM1,C1065,P598,End
576601,U147@DOM1,C1065,P598,Start
576602,U147@DOM1,C1065,P598,End
576605,U147@DOM1,C1065,P598,End
576607,U147@DOM1,C1065,P598,End
576607,U147@DOM1,C1065,P598,Start
576608,U147@DOM1,C1065,P598,End
576608,U147@DOM1,C1065,P598,Start
576609,U147@DOM1,C1065,P598,End
576610,U147@DOM1,C1065,P598,End
576610,U147@DOM1,C1065,P598,Start
576611,U147@DOM1,C1065,P598,End
576611,U147@DOM1,C1065,P598,Start
576612,U147@DOM1,C1065,P598,End
576612,U147@DOM1,C1065,P598,Start
576613,U147@DOM1,C1065,P598,End
576613,U147@DOM1,C1065,P598,Start
576614,U147@DOM1,C1065,P598,End
576614,U147@DOM1,C1065,P598,Start
576615,U147@DOM1,C1065,P598,End
576615,U147@DOM1,C1065,P598,Start
576616,U147@DOM1,C1065,P598,End
576616,U147@DOM1,C1065,P598,Start
576617,U147@DOM1,C1065,P598,End
576617,U147@DOM1,C1065,P598,Start
576618,U147@DOM1,C1065,P598,End
576618,U147@DOM1,C1065,P598,Start
576619,U147@DOM1,C1065,P598,Start
576620,U147@DOM1,C1065,P598,End
576621,U147@DOM1,C1065,P598,Start
576622,U147@DOM1,C1065,P598,End
576622,U147@DOM1,C1065,P598,Start
576623,U147@DOM1,C1065,P598,End
576623,U147@DOM1,C1065,P598,Start
576624,U147@DOM1,C1065,P598,End
576624,U147@DOM1,C1065,P598,Start
576625,U147@DOM1,C1065,P598,End
576625,U147@DOM1,C1065,P598,Start
576626,C1065$@DOM1,C1065,P25,Start
576626,C1065$@DOM1,C1065,P5,Start
576626,U147@DOM1,C1065,P598,End
576627,C1065$@DOM1,C1065,P25,End
576627,C1065$@DOM1,C1065,P5,End
576627,U147@DOM1,C1065,P598,End
576627,U147@DOM1,C1065,P598,Start
576628,U147@DOM1,C1065,P598,End
576628,U147@DOM1,C1065,P598,Start
576629,U147@DOM1,C1065,P598,End
576629,U147@DOM1,C1065,P598,Start
576630,U147@DOM1,C1065,P598,End
576630,U147@DOM1,C1065,P598,Start
576631,U147@DOM1,C1065,P598,End
576631,U147@DOM1,C1065,P598,Start
576632,U147@DOM1,C1065,P598,Start
576633,C1065$@DOM1,C1065,P25,End
576633,C1065$@DOM1,C1065,P5,End
576633,U147@DOM1,C1065,P598,End
576633,U147@DOM1,C1065,P598,Start
576634,U147@DOM1,C1065,P598,End
576635,U147@DOM1,C1065,P598,End
576635,U147@DOM1,C1065,P598,Start
576636,U147@DOM1,C1065,P598,End
576637,U147@DOM1,C1065,P598,End
576637,U147@DOM1,C1065,P598,Start
576638,U147@DOM1,C1065,P598,End
576638,U147@DOM1,C1065,P598,Start
576639,U147@DOM1,C1065,P598,Start
576640,U147@DOM1,C1065,P598,End
576640,U147@DOM1,C1065,P598,Start
576641,U147@DOM1,C1065,P598,End
576641,U147@DOM1,C1065,P598,Start
576642,U147@DOM1,C1065,P598,End
576643,U147@DOM1,C1065,P598,End
576643,U147@DOM1,C1065,P598,Start
576644,U147@DOM1,C1065,P598,End
576644,U147@DOM1,C1065,P598,Start
576645,U147@DOM1,C1065,P598,End
576645,U147@DOM1,C1065,P598,Start
576646,U147@DOM1,C1065,P598,End
576647,U147@DOM1,C1065,P598,End
576647,U147@DOM1,C1065,P598,Start
576648,U147@DOM1,C1065,P598,End
576648,U147@DOM1,C1065,P598,Start
576649,U147@DOM1,C1065,P598,End
576649,U147@DOM1,C1065,P598,Start
576650,U147@DOM1,C1065,P598,End
576650,U147@DOM1,C1065,P598,Start
576651,U147@DOM1,C1065,P598,End
576651,U147@DOM1,C1065,P598,Start
576652,U147@DOM1,C1065,P598,End
576653,U147@DOM1,C1065,P598,End
576653,U147@DOM1,C1065,P598,Start
576654,U147@DOM1,C1065,P598,End
576654,U147@DOM1,C1065,P598,Start
576655,U147@DOM1,C1065,P598,End
576656,U147@DOM1,C1065,P598,End
576656,U147@DOM1,C1065,P598,Start
576657,U147@DOM1,C1065,P598,End
576657,U147@DOM1,C1065,P598,Start
576658,U147@DOM1,C1065,P598,Start
576659,U147@DOM1,C1065,P598,End
576659,U147@DOM1,C1065,P598,Start
576660,U147@DOM1,C1065,P598,End
576660,U147@DOM1,C1065,P598,Start
576661,U147@DOM1,C1065,P598,End
576661,U147@DOM1,C1065,P598,Start
576662,U147@DOM1,C1065,P598,End
576662,U147@DOM1,C1065,P598,Start
576663,U147@DOM1,C1065,P598,End
576663,U147@DOM1,C1065,P598,Start
576664,U147@DOM1,C1065,P598,End
576665,U147@DOM1,C1065,P598,Start
576666,U147@DOM1,C1065,P598,End
576666,U147@DOM1,C1065,P598,Start
576667,U147@DOM1,C1065,P598,End
576667,U147@DOM1,C1065,P598,Start
576668,U147@DOM1,C1065,P598,End
576668,U147@DOM1,C1065,P598,Start
576669,U147@DOM1,C1065,P598,End
576669,U147@DOM1,C1065,P598,Start
576670,U147@DOM1,C1065,P598,End
576670,U147@DOM1,C1065,P598,Start
576671,U147@DOM1,C1065,P598,End
576671,U147@DOM1,C1065,P598,Start
576672,U147@DOM1,C1065,P598,End
576672,U147@DOM1,C1065,P598,Start
576673,U147@DOM1,C1065,P598,Start
576674,U147@DOM1,C1065,P598,End
576674,U147@DOM1,C1065,P598,Start
576675,U147@DOM1,C1065,P598,End
576675,U147@DOM1,C1065,P598,Start
576676,U147@DOM1,C1065,P598,End
576677,U147@DOM1,C1065,P598,End
576677,U147@DOM1,C1065,P598,Start
576678,U147@DOM1,C1065,P598,End
576678,U147@DOM1,C1065,P598,Start
576679,U147@DOM1,C1065,P598,End
576679,U147@DOM1,C1065,P598,Start
576680,U147@DOM1,C1065,P598,End
576680,U147@DOM1,C1065,P598,Start
576681,U147@DOM1,C1065,P598,End
576681,U147@DOM1,C1065,P598,Start
576682,U147@DOM1,C1065,P598,End
576682,U147@DOM1,C1065,P598,Start
576683,U147@DOM1,C1065,P598,Start
576684,U147@DOM1,C1065,P598,End
576685,U147@DOM1,C1065,P598,End
576685,U147@DOM1,C1065,P598,Start
576686,U147@DOM1,C1065,P598,End
576687,U147@DOM1,C1065,P598,End
576687,U147@DOM1,C1065,P598,Start
576688,U147@DOM1,C1065,P598,End
576688,U147@DOM1,C1065,P598,Start
576689,U147@DOM1,C1065,P598,End
576690,U147@DOM1,C1065,P598,End
576690,U147@DOM1,C1065,P598,Start
576691,U147@DOM1,C1065,P598,End
576692,U147@DOM1,C1065,P598,Start
576693,U147@DOM1,C1065,P598,End
576694,U147@DOM1,C1065,P598,End
576694,U147@DOM1,C1065,P598,Start
576695,U147@DOM1,C1065,P598,End
576695,U147@DOM1,C1065,P598,Start
576696,U147@DOM1,C1065,P598,End
576696,U147@DOM1,C1065,P598,Start
576697,U147@DOM1,C1065,P598,End
576698,U147@DOM1,C1065,P598,End
576698,U147@DOM1,C1065,P598,Start
576699,U147@DOM1,C1065,P598,End
576700,U147@DOM1,C1065,P598,Start
576701,U147@DOM1,C1065,P598,End
576701,U147@DOM1,C1065,P598,Start
576702,U147@DOM1,C1065,P598,End
576702,U147@DOM1,C1065,P598,Start
576703,U147@DOM1,C1065,P598,End
576703,U147@DOM1,C1065,P598,Start
576704,U147@DOM1,C1065,P598,Start
576705,U147@DOM1,C1065,P598,End
576705,U147@DOM1,C1065,P598,Start
576706,U147@DOM1,C1065,P598,End
576706,U147@DOM1,C1065,P598,Start
576707,U147@DOM1,C1065,P598,End
576707,U147@DOM1,C1065,P598,Start
576708,U147@DOM1,C1065,P598,End
576708,U147@DOM1,C1065,P598,Start
576709,U147@DOM1,C1065,P598,End
576709,U147@DOM1,C1065,P598,Start
576710,U147@DOM1,C1065,P598,End
576711,U147@DOM1,C1065,P598,End
576711,U147@DOM1,C1065,P598,Start
576712,U147@DOM1,C1065,P598,End
576712,U147@DOM1,C1065,P598,Start
576713,U147@DOM1,C1065,P598,End
576713,U147@DOM1,C1065,P598,Start
576714,U147@DOM1,C1065,P598,End
576714,U147@DOM1,C1065,P598,Start
576715,U147@DOM1,C1065,P598,Start
576716,U147@DOM1,C1065,P598,End
576716,U147@DOM1,C1065,P598,Start
576717,U147@DOM1,C1065,P598,End
576717,U147@DOM1,C1065,P598,Start
576718,U147@DOM1,C1065,P598,End
576718,U147@DOM1,C1065,P598,Start
576719,U147@DOM1,C1065,P598,End
576720,U147@DOM1,C1065,P598,End
576720,U147@DOM1,C1065,P598,Start
576721,U147@DOM1,C1065,P598,End
576721,U147@DOM1,C1065,P598,Start
576722,U147@DOM1,C1065,P598,End
576723,U147@DOM1,C1065,P598,End
576723,U147@DOM1,C1065,P598,Start
576724,U147@DOM1,C1065,P598,Start
576725,U147@DOM1,C1065,P598,End
576725,U147@DOM1,C1065,P598,Start
576726,U147@DOM1,C1065,P598,End
576726,U147@DOM1,C1065,P598,Start
576727,U147@DOM1,C1065,P598,End
576727,U147@DOM1,C1065,P598,Start
576728,U147@DOM1,C1065,P598,End
576728,U147@DOM1,C1065,P598,Start
576729,U147@DOM1,C1065,P598,End
576729,U147@DOM1,C1065,P598,Start
576730,U147@DOM1,C1065,P598,End
576730,U147@DOM1,C1065,P598,Start
576731,U147@DOM1,C1065,P598,End
576731,U147@DOM1,C1065,P598,Start
576732,U147@DOM1,C1065,P598,End
576732,U147@DOM1,C1065,P598,Start
576733,U147@DOM1,C1065,P598,End
576734,U147@DOM1,C1065,P598,End
576734,U147@DOM1,C1065,P598,Start
576735,U147@DOM1,C1065,P598,End
576735,U147@DOM1,C1065,P598,Start
576736,U147@DOM1,C1065,P598,End
576736,U147@DOM1,C1065,P598,Start
576737,U147@DOM1,C1065,P598,Start
576738,U147@DOM1,C1065,P598,End
576739,U147@DOM1,C1065,P598,End
576739,U147@DOM1,C1065,P598,Start
576740,U147@DOM1,C1065,P598,End
576741,U147@DOM1,C1065,P598,End
576741,U147@DOM1,C1065,P598,Start
576742,U147@DOM1,C1065,P598,End
576742,U147@DOM1,C1065,P598,Start
576743,U147@DOM1,C1065,P598,End
576743,U147@DOM1,C1065,P598,Start
576744,U147@DOM1,C1065,P598,End
576744,U147@DOM1,C1065,P598,Start
576745,U147@DOM1,C1065,P598,End
576745,U147@DOM1,C1065,P598,Start
576746,U147@DOM1,C1065,P598,End
576746,U147@DOM1,C1065,P598,Start
576747,U147@DOM1,C1065,P598,End
576747,U147@DOM1,C1065,P598,Start
576748,U147@DOM1,C1065,P598,End
576748,U147@DOM1,C1065,P598,Start
576749,U147@DOM1,C1065,P598,End
576749,U147@DOM1,C1065,P598,Start
576750,U147@DOM1,C1065,P598,End
576751,U147@DOM1,C1065,P598,End
576751,U147@DOM1,C1065,P598,Start
576752,U147@DOM1,C1065,P598,End
576752,U147@DOM1,C1065,P598,Start
576753,U147@DOM1,C1065,P598,End
576754,U147@DOM1,C1065,P598,End
576754,U147@DOM1,C1065,P598,Start
576755,U147@DOM1,C1065,P598,End
576755,U147@DOM1,C1065,P598,Start
576756,U147@DOM1,C1065,P598,End
576756,U147@DOM1,C1065,P598,Start
576757,U147@DOM1,C1065,P598,End
576757,U147@DOM1,C1065,P598,Start
576758,U147@DOM1,C1065,P598,Start
576759,U147@DOM1,C1065,P598,End
576760,U147@DOM1,C1065,P598,End
576760,U147@DOM1,C1065,P598,Start
576761,U147@DOM1,C1065,P598,End
576761,U147@DOM1,C1065,P598,Start
576762,U147@DOM1,C1065,P598,End
576763,U147@DOM1,C1065,P598,End
576763,U147@DOM1,C1065,P598,Start
576764,U147@DOM1,C1065,P598,Start
576765,U147@DOM1,C1065,P598,End
576765,U147@DOM1,C1065,P598,Start
576766,U147@DOM1,C1065,P598,End
576766,U147@DOM1,C1065,P598,Start
576767,U147@DOM1,C1065,P598,End
576767,U147@DOM1,C1065,P598,Start
576768,U147@DOM1,C1065,P598,End
576769,U147@DOM1,C1065,P598,End
576769,U147@DOM1,C1065,P598,Start
576770,U147@DOM1,C1065,P598,End
576770,U147@DOM1,C1065,P598,Start
576771,U147@DOM1,C1065,P598,End
576771,U147@DOM1,C1065,P598,Start
576772,U147@DOM1,C1065,P598,End
576772,U147@DOM1,C1065,P598,Start
576773,U147@DOM1,C1065,P598,End
576774,U147@DOM1,C1065,P598,End
576774,U147@DOM1,C1065,P598,Start
576775,U147@DOM1,C1065,P598,End
576775,U147@DOM1,C1065,P598,Start
576776,U147@DOM1,C1065,P598,End
576777,U147@DOM1,C1065,P598,End
576777,U147@DOM1,C1065,P598,Start
576778,U147@DOM1,C1065,P598,End
576778,U147@DOM1,C1065,P598,Start
576779,U147@DOM1,C1065,P598,Start
576780,U147@DOM1,C1065,P598,End
576780,U147@DOM1,C1065,P598,Start
576781,U147@DOM1,C1065,P598,End
576781,U147@DOM1,C1065,P598,Start
576782,U147@DOM1,C1065,P598,End
576782,U147@DOM1,C1065,P598,Start
576783,U147@DOM1,C1065,P598,End
576784,U147@DOM1,C1065,P598,End
576784,U147@DOM1,C1065,P598,Start
576785,U147@DOM1,C1065,P598,End
576786,U147@DOM1,C1065,P598,End
576786,U147@DOM1,C1065,P598,Start
576787,U147@DOM1,C1065,P598,End
576787,U147@DOM1,C1065,P598,Start
576788,U147@DOM1,C1065,P598,End
576788,U147@DOM1,C1065,P598,Start
576789,U147@DOM1,C1065,P598,End
576789,U147@DOM1,C1065,P598,Start
576790,U147@DOM1,C1065,P598,End
576790,U147@DOM1,C1065,P598,Start
576791,U147@DOM1,C1065,P598,End
576791,U147@DOM1,C1065,P598,Start
576792,U147@DOM1,C1065,P598,End
576793,U147@DOM1,C1065,P598,End
576793,U147@DOM1,C1065,P598,Start
576794,U147@DOM1,C1065,P598,End
576795,U147@DOM1,C1065,P598,End
576795,U147@DOM1,C1065,P598,Start
576796,U147@DOM1,C1065,P598,End
576796,U147@DOM1,C1065,P598,Start
576797,U147@DOM1,C1065,P598,Start
576798,U147@DOM1,C1065,P598,End
576798,U147@DOM1,C1065,P598,Start
576799,U147@DOM1,C1065,P598,End
576799,U147@DOM1,C1065,P598,Start
576800,U147@DOM1,C1065,P598,End
576801,U147@DOM1,C1065,P598,End
576801,U147@DOM1,C1065,P598,Start
576802,U147@DOM1,C1065,P598,End
576802,U147@DOM1,C1065,P598,Start
576803,U147@DOM1,C1065,P598,End
576803,U147@DOM1,C1065,P598,Start
576804,U147@DOM1,C1065,P598,End
576804,U147@DOM1,C1065,P598,Start
576805,U147@DOM1,C1065,P598,End
576805,U147@DOM1,C1065,P598,Start
576806,U147@DOM1,C1065,P598,End
576806,U147@DOM1,C1065,P598,Start
576807,U147@DOM1,C1065,P598,End
576807,U147@DOM1,C1065,P598,Start
576809,U147@DOM1,C1065,P598,End
576809,U147@DOM1,C1065,P598,Start
576810,U147@DOM1,C1065,P598,End
576811,U147@DOM1,C1065,P598,End
576811,U147@DOM1,C1065,P598,Start
576812,U147@DOM1,C1065,P598,Start
576813,U147@DOM1,C1065,P598,End
576813,U147@DOM1,C1065,P598,Start
576814,U147@DOM1,C1065,P598,Start
576815,U147@DOM1,C1065,P598,End
576815,U147@DOM1,C1065,P598,Start
576816,U147@DOM1,C1065,P598,End
576816,U147@DOM1,C1065,P598,Start
576817,U147@DOM1,C1065,P598,End
576817,U147@DOM1,C1065,P598,Start
576818,U147@DOM1,C1065,P598,End
576818,U147@DOM1,C1065,P598,Start
576819,U147@DOM1,C1065,P598,End
576819,U147@DOM1,C1065,P598,Start
576820,U147@DOM1,C1065,P598,End
576820,U147@DOM1,C1065,P598,Start
576821,U147@DOM1,C1065,P598,End
576821,U147@DOM1,C1065,P598,Start
576822,U147@DOM1,C1065,P598,End
576823,U147@DOM1,C1065,P598,End
576823,U147@DOM1,C1065,P598,Start
576824,U147@DOM1,C1065,P598,Start
576825,C1065$@DOM1,C1065,P257,Start
576825,U147@DOM1,C1065,P598,End
576825,U147@DOM1,C1065,P598,Start
576826,U147@DOM1,C1065,P598,End
576826,U147@DOM1,C1065,P598,Start
576827,U147@DOM1,C1065,P598,End
576827,U147@DOM1,C1065,P598,Start
576828,U147@DOM1,C1065,P598,End
576829,U147@DOM1,C1065,P598,End
576829,U147@DOM1,C1065,P598,Start
576830,U147@DOM1,C1065,P598,End
576830,U147@DOM1,C1065,P598,Start
576831,U147@DOM1,C1065,P598,End
576831,U147@DOM1,C1065,P598,Start
576832,C1065$@DOM1,C1065,P25,End
576832,C1065$@DOM1,C1065,P25,Start
576832,C1065$@DOM1,C1065,P5,End
576832,C1065$@DOM1,C1065,P5,Start
576832,U147@DOM1,C1065,P598,End
576832,U147@DOM1,C1065,P598,Start
576833,U147@DOM1,C1065,P598,End
576833,U147@DOM1,C1065,P598,Start
576834,U147@DOM1,C1065,P598,End
576834,U147@DOM1,C1065,P598,Start
576835,U147@DOM1,C1065,P598,End
576835,U147@DOM1,C1065,P598,Start
576836,U147@DOM1,C1065,P598,End
576836,U147@DOM1,C1065,P598,Start
576837,U147@DOM1,C1065,P598,Start
576838,U147@DOM1,C1065,P598,End
576838,U147@DOM1,C1065,P598,Start
576839,U147@DOM1,C1065,P598,End
576839,U147@DOM1,C1065,P598,Start
576840,U147@DOM1,C1065,P598,End
576841,U147@DOM1,C1065,P598,End
576841,U147@DOM1,C1065,P598,Start
576842,U147@DOM1,C1065,P598,End
576842,U147@DOM1,C1065,P598,Start
576843,U147@DOM1,C1065,P598,End
576843,U147@DOM1,C1065,P598,Start
576844,U147@DOM1,C1065,P598,End
576844,U147@DOM1,C1065,P598,Start
576845,U147@DOM1,C1065,P598,End
576845,U147@DOM1,C1065,P598,Start
576846,U147@DOM1,C1065,P598,End
576846,U147@DOM1,C1065,P598,Start
576847,U147@DOM1,C1065,P598,End
576847,U147@DOM1,C1065,P598,Start
576848,U147@DOM1,C1065,P598,End
576848,U147@DOM1,C1065,P598,Start
576849,U147@DOM1,C1065,P598,End
576849,U147@DOM1,C1065,P598,Start
576850,U147@DOM1,C1065,P598,End
576850,U147@DOM1,C1065,P598,Start
576851,U147@DOM1,C1065,P598,End
576851,U147@DOM1,C1065,P598,Start
576852,U147@DOM1,C1065,P598,End
576852,U147@DOM1,C1065,P598,Start
576853,U147@DOM1,C1065,P598,End
576853,U147@DOM1,C1065,P598,Start
576854,U147@DOM1,C1065,P598,End
576854,U147@DOM1,C1065,P598,Start
576855,U147@DOM1,C1065,P598,End
576855,U147@DOM1,C1065,P598,Start
576856,U147@DOM1,C1065,P598,End
576856,U147@DOM1,C1065,P598,Start
576857,U147@DOM1,C1065,P598,End
576857,U147@DOM1,C1065,P598,Start
576858,U147@DOM1,C1065,P598,End
576860,U147@DOM1,C1065,P598,End
576860,U147@DOM1,C1065,P598,Start
576863,U147@DOM1,C1065,P598,End
576863,U147@DOM1,C1065,P598,Start
576865,U147@DOM1,C1065,P598,End
576865,U147@DOM1,C1065,P598,Start
576866,U147@DOM1,C1065,P598,End
576866,U147@DOM1,C1065,P598,Start
576868,U147@DOM1,C1065,P598,End
576868,U147@DOM1,C1065,P598,Start
576869,U147@DOM1,C1065,P598,End
576869,U147@DOM1,C1065,P598,Start
576870,U147@DOM1,C1065,P598,End
576870,U147@DOM1,C1065,P598,Start
576871,U147@DOM1,C1065,P598,End
576871,U147@DOM1,C1065,P598,Start
576872,U147@DOM1,C1065,P598,End
576872,U147@DOM1,C1065,P598,Start
576873,U147@DOM1,C1065,P598,End
576873,U147@DOM1,C1065,P598,Start
576874,U147@DOM1,C1065,P598,End
576875,U147@DOM1,C1065,P598,End
576875,U147@DOM1,C1065,P598,Start
576876,U147@DOM1,C1065,P598,End
576877,U147@DOM1,C1065,P27,End
576877,U147@DOM1,C1065,P5,End
576877,U147@DOM1,C1065,P598,Start
576878,U147@DOM1,C1065,P598,End
576878,U147@DOM1,C1065,P598,Start
576879,U147@DOM1,C1065,P598,End
576879,U147@DOM1,C1065,P598,Start
576880,U147@DOM1,C1065,P598,End
576880,U147@DOM1,C1065,P598,Start
576881,U147@DOM1,C1065,P598,End
576881,U147@DOM1,C1065,P598,Start
576882,U147@DOM1,C1065,P598,End
576883,U147@DOM1,C1065,P598,End
576883,U147@DOM1,C1065,P598,Start
576884,U147@DOM1,C1065,P598,End
576884,U147@DOM1,C1065,P598,Start
576885,U147@DOM1,C1065,P598,End
576885,U147@DOM1,C1065,P598,Start
576886,U147@DOM1,C1065,P598,End
576886,U147@DOM1,C1065,P598,Start
576887,U147@DOM1,C1065,P598,Start
576888,U147@DOM1,C1065,P598,End
576888,U147@DOM1,C1065,P598,Start
576889,U147@DOM1,C1065,P598,End
576889,U147@DOM1,C1065,P598,Start
576890,U147@DOM1,C1065,P598,End
576890,U147@DOM1,C1065,P598,Start
576891,U147@DOM1,C1065,P598,End
576891,U147@DOM1,C1065,P598,Start
576892,U147@DOM1,C1065,P598,End
576892,U147@DOM1,C1065,P598,Start
576893,U147@DOM1,C1065,P598,End
576893,U147@DOM1,C1065,P598,Start
576894,U147@DOM1,C1065,P598,Start
576895,U147@DOM1,C1065,P598,End
576895,U147@DOM1,C1065,P598,Start
576896,U147@DOM1,C1065,P598,End
576896,U147@DOM1,C1065,P598,Start
576898,U147@DOM1,C1065,P598,Start
576899,U147@DOM1,C1065,P598,End
576907,U147@DOM1,C1065,P598,End
576907,U147@DOM1,C1065,P598,Start
576908,U147@DOM1,C1065,P598,End
576908,U147@DOM1,C1065,P598,Start
576909,U147@DOM1,C1065,P598,End
576909,U147@DOM1,C1065,P598,Start
576910,U147@DOM1,C1065,P598,End
576910,U147@DOM1,C1065,P598,Start
576911,U147@DOM1,C1065,P598,End
576911,U147@DOM1,C1065,P598,Start
576912,U147@DOM1,C1065,P598,End
576913,U147@DOM1,C1065,P598,End
576913,U147@DOM1,C1065,P598,Start
576914,U147@DOM1,C1065,P598,End
576914,U147@DOM1,C1065,P598,Start
576915,U147@DOM1,C1065,P598,Start
576916,U147@DOM1,C1065,P598,End
576917,U147@DOM1,C1065,P598,End
576919,U147@DOM1,C1065,P598,End
576919,U147@DOM1,C1065,P598,Start
576920,U147@DOM1,C1065,P598,End
576920,U147@DOM1,C1065,P598,Start
576921,U147@DOM1,C1065,P598,End
576921,U147@DOM1,C1065,P598,Start
576922,U147@DOM1,C1065,P598,End
576922,U147@DOM1,C1065,P598,Start
576923,U147@DOM1,C1065,P598,End
576923,U147@DOM1,C1065,P598,Start
576924,U147@DOM1,C1065,P598,End
576924,U147@DOM1,C1065,P598,Start
576925,U147@DOM1,C1065,P598,End
576925,U147@DOM1,C1065,P598,Start
576926,U147@DOM1,C1065,P598,End
576926,U147@DOM1,C1065,P598,Start
576927,U147@DOM1,C1065,P598,End
576928,U147@DOM1,C1065,P598,End
576928,U147@DOM1,C1065,P598,Start
576930,U147@DOM1,C1065,P598,Start
576931,U147@DOM1,C1065,P598,End
576931,U147@DOM1,C1065,P598,Start
576932,U147@DOM1,C1065,P598,End
576932,U147@DOM1,C1065,P598,Start
576933,U147@DOM1,C1065,P598,Start
576934,U147@DOM1,C1065,P598,End
576938,U147@DOM1,C1065,P598,End
576938,U147@DOM1,C1065,P598,Start
576939,U147@DOM1,C1065,P598,End
576939,U147@DOM1,C1065,P598,Start
576940,U147@DOM1,C1065,P598,End
576941,U147@DOM1,C1065,P598,Start
576942,U147@DOM1,C1065,P598,End
576944,U147@DOM1,C1065,P598,End
576944,U147@DOM1,C1065,P598,Start
576945,U147@DOM1,C1065,P598,End
576945,U147@DOM1,C1065,P598,Start
576946,U147@DOM1,C1065,P598,Start
576947,U147@DOM1,C1065,P598,End
576947,U147@DOM1,C1065,P598,Start
576948,U147@DOM1,C1065,P598,End
576948,U147@DOM1,C1065,P598,Start
576949,U147@DOM1,C1065,P598,End
576950,U147@DOM1,C1065,P598,End
576950,U147@DOM1,C1065,P598,Start
576951,U147@DOM1,C1065,P598,End
576951,U147@DOM1,C1065,P598,Start
576952,U147@DOM1,C1065,P598,Start
576953,U147@DOM1,C1065,P598,End
576954,U147@DOM1,C1065,P598,End
576954,U147@DOM1,C1065,P598,Start
576955,U147@DOM1,C1065,P598,End
576955,U147@DOM1,C1065,P598,Start
576956,U147@DOM1,C1065,P598,End
576957,U147@DOM1,C1065,P598,End
576957,U147@DOM1,C1065,P598,Start
576958,U147@DOM1,C1065,P598,End
576958,U147@DOM1,C1065,P598,Start
576959,U147@DOM1,C1065,P598,End
576959,U147@DOM1,C1065,P598,Start
576960,U147@DOM1,C1065,P598,Start
576961,U147@DOM1,C1065,P598,End
576961,U147@DOM1,C1065,P598,Start
576962,U147@DOM1,C1065,P598,End
576962,U147@DOM1,C1065,P598,Start
576963,U147@DOM1,C1065,P598,End
576964,U147@DOM1,C1065,P598,End
576964,U147@DOM1,C1065,P598,Start
576965,U147@DOM1,C1065,P598,End
576965,U147@DOM1,C1065,P598,Start
576966,U147@DOM1,C1065,P598,End
576966,U147@DOM1,C1065,P598,Start
576967,U147@DOM1,C1065,P598,End
576968,U147@DOM1,C1065,P598,End
576968,U147@DOM1,C1065,P598,Start
576969,U147@DOM1,C1065,P598,End
576969,U147@DOM1,C1065,P598,Start
576970,U147@DOM1,C1065,P598,End
576970,U147@DOM1,C1065,P598,Start
576971,U147@DOM1,C1065,P598,End
576971,U147@DOM1,C1065,P598,Start
576972,U147@DOM1,C1065,P598,End
576973,U147@DOM1,C1065,P598,End
576973,U147@DOM1,C1065,P598,Start
576974,U147@DOM1,C1065,P598,End
576974,U147@DOM1,C1065,P598,Start
576975,U147@DOM1,C1065,P598,End
576975,U147@DOM1,C1065,P598,Start
576976,U147@DOM1,C1065,P598,Start
576977,U147@DOM1,C1065,P598,End
576978,U147@DOM1,C1065,P598,End
576978,U147@DOM1,C1065,P598,Start
576979,U147@DOM1,C1065,P598,End
576980,U147@DOM1,C1065,P598,End
576980,U147@DOM1,C1065,P598,Start
576981,U147@DOM1,C1065,P598,End
576981,U147@DOM1,C1065,P598,Start
576982,U147@DOM1,C1065,P598,End
576982,U147@DOM1,C1065,P598,Start
576983,U147@DOM1,C1065,P598,End
576983,U147@DOM1,C1065,P598,Start
576984,U147@DOM1,C1065,P598,End
576984,U147@DOM1,C1065,P598,Start
576985,U147@DOM1,C1065,P598,End
576986,U147@DOM1,C1065,P598,End
576986,U147@DOM1,C1065,P598,Start
576987,U147@DOM1,C1065,P598,End
576987,U147@DOM1,C1065,P598,Start
576988,U147@DOM1,C1065,P598,End
576988,U147@DOM1,C1065,P598,Start
576989,U147@DOM1,C1065,P598,End
576989,U147@DOM1,C1065,P598,Start
576990,U147@DOM1,C1065,P598,Start
576991,U147@DOM1,C1065,P598,End
576991,U147@DOM1,C1065,P598,Start
576992,U147@DOM1,C1065,P598,End
576992,U147@DOM1,C1065,P598,Start
576993,U147@DOM1,C1065,P598,End
576993,U147@DOM1,C1065,P598,Start
576994,U147@DOM1,C1065,P598,End
576994,U147@DOM1,C1065,P598,Start
576995,U147@DOM1,C1065,P598,End
576995,U147@DOM1,C1065,P598,Start
576996,U147@DOM1,C1065,P598,End
576996,U147@DOM1,C1065,P598,Start
576997,U147@DOM1,C1065,P598,End
576997,U147@DOM1,C1065,P598,Start
576998,U147@DOM1,C1065,P598,Start
576999,U147@DOM1,C1065,P598,End
576999,U147@DOM1,C1065,P598,Start
577000,U147@DOM1,C1065,P598,End
577000,U147@DOM1,C1065,P598,Start
577001,U147@DOM1,C1065,P598,Start
577002,U147@DOM1,C1065,P598,End
577003,U147@DOM1,C1065,P598,End
577003,U147@DOM1,C1065,P598,Start
577004,U147@DOM1,C1065,P598,End
577004,U147@DOM1,C1065,P598,Start
577005,U147@DOM1,C1065,P598,End
577005,U147@DOM1,C1065,P598,Start
577006,U147@DOM1,C1065,P598,End
577006,U147@DOM1,C1065,P598,Start
577007,U147@DOM1,C1065,P598,Start
577008,U147@DOM1,C1065,P598,End
577008,U147@DOM1,C1065,P598,Start
577009,U147@DOM1,C1065,P598,End
577010,U147@DOM1,C1065,P598,End
577010,U147@DOM1,C1065,P598,Start
577011,U147@DOM1,C1065,P598,End
577011,U147@DOM1,C1065,P598,Start
577012,U147@DOM1,C1065,P598,End
577012,U147@DOM1,C1065,P598,Start
577013,U147@DOM1,C1065,P598,End
577013,U147@DOM1,C1065,P598,Start
577014,U147@DOM1,C1065,P598,End
577014,U147@DOM1,C1065,P598,Start
577015,U147@DOM1,C1065,P598,End
577015,U147@DOM1,C1065,P598,Start
577016,U147@DOM1,C1065,P598,End
577016,U147@DOM1,C1065,P598,Start
577017,U147@DOM1,C1065,P598,End
577019,U147@DOM1,C1065,P598,End
577019,U147@DOM1,C1065,P598,Start
577020,U147@DOM1,C1065,P598,End
577020,U147@DOM1,C1065,P598,Start
577021,U147@DOM1,C1065,P598,End
577022,U147@DOM1,C1065,P598,End
577022,U147@DOM1,C1065,P598,Start
577023,U147@DOM1,C1065,P598,End
577023,U147@DOM1,C1065,P598,Start
577024,U147@DOM1,C1065,P598,End
577024,U147@DOM1,C1065,P598,Start
577025,U147@DOM1,C1065,P598,End
577025,U147@DOM1,C1065,P598,Start
577026,U147@DOM1,C1065,P598,End
577026,U147@DOM1,C1065,P598,Start
577027,U147@DOM1,C1065,P598,Start
577028,U147@DOM1,C1065,P598,End
577028,U147@DOM1,C1065,P598,Start
577029,U147@DOM1,C1065,P598,End
577029,U147@DOM1,C1065,P598,Start
577030,U147@DOM1,C1065,P598,End
577030,U147@DOM1,C1065,P598,Start
577031,U147@DOM1,C1065,P598,End
577032,U147@DOM1,C1065,P598,End
577032,U147@DOM1,C1065,P598,Start
577033,U147@DOM1,C1065,P598,End
577034,U147@DOM1,C1065,P598,End
577034,U147@DOM1,C1065,P598,Start
577035,U147@DOM1,C1065,P598,End
577035,U147@DOM1,C1065,P598,Start
577036,U147@DOM1,C1065,P598,End
577036,U147@DOM1,C1065,P598,Start
577037,U147@DOM1,C1065,P598,End
577037,U147@DOM1,C1065,P598,Start
577038,U147@DOM1,C1065,P598,End
577039,U147@DOM1,C1065,P598,End
577039,U147@DOM1,C1065,P598,Start
577040,U147@DOM1,C1065,P598,End
577040,U147@DOM1,C1065,P598,Start
577041,U147@DOM1,C1065,P598,Start
577042,U147@DOM1,C1065,P598,End
577042,U147@DOM1,C1065,P598,Start
577043,U147@DOM1,C1065,P598,End
577043,U147@DOM1,C1065,P598,Start
577044,U147@DOM1,C1065,P598,End
577044,U147@DOM1,C1065,P598,Start
577045,U147@DOM1,C1065,P598,End
577045,U147@DOM1,C1065,P598,Start
577046,U147@DOM1,C1065,P598,End
577046,U147@DOM1,C1065,P598,Start
577047,U147@DOM1,C1065,P598,Start
577048,U147@DOM1,C1065,P598,End
577048,U147@DOM1,C1065,P598,Start
577049,U147@DOM1,C1065,P598,Start
577050,U147@DOM1,C1065,P598,End
577051,U147@DOM1,C1065,P598,End
577051,U147@DOM1,C1065,P598,Start
577052,U147@DOM1,C1065,P598,End
577052,U147@DOM1,C1065,P598,Start
577053,U147@DOM1,C1065,P598,End
577054,U147@DOM1,C1065,P598,End
577054,U147@DOM1,C1065,P598,Start
577055,U147@DOM1,C1065,P598,End
577055,U147@DOM1,C1065,P598,Start
577056,U147@DOM1,C1065,P598,End
577056,U147@DOM1,C1065,P598,Start
577057,U147@DOM1,C1065,P598,End
577057,U147@DOM1,C1065,P598,Start
577058,U147@DOM1,C1065,P598,End
577058,U147@DOM1,C1065,P598,Start
577059,U147@DOM1,C1065,P598,Start
577060,U147@DOM1,C1065,P598,End
577060,U147@DOM1,C1065,P598,Start
577061,U147@DOM1,C1065,P598,End
577062,U147@DOM1,C1065,P598,End
577062,U147@DOM1,C1065,P598,Start
577063,U147@DOM1,C1065,P598,End
577063,U147@DOM1,C1065,P598,Start
577064,U147@DOM1,C1065,P598,End
577064,U147@DOM1,C1065,P598,Start
577065,U147@DOM1,C1065,P598,End
577066,U147@DOM1,C1065,P598,End
577066,U147@DOM1,C1065,P598,Start
577067,U147@DOM1,C1065,P598,End
577067,U147@DOM1,C1065,P598,Start
577068,U147@DOM1,C1065,P598,End
577068,U147@DOM1,C1065,P598,Start
577069,U147@DOM1,C1065,P598,End
577069,U147@DOM1,C1065,P598,Start
577070,U147@DOM1,C1065,P598,End
577070,U147@DOM1,C1065,P598,Start
577071,U147@DOM1,C1065,P598,End
577072,U147@DOM1,C1065,P598,End
577072,U147@DOM1,C1065,P598,Start
577073,U147@DOM1,C1065,P598,End
577073,U147@DOM1,C1065,P598,Start
577074,U147@DOM1,C1065,P598,End
577074,U147@DOM1,C1065,P598,Start
577075,U147@DOM1,C1065,P598,End
577076,U147@DOM1,C1065,P598,End
577076,U147@DOM1,C1065,P598,Start
577077,U147@DOM1,C1065,P598,Start
577078,U147@DOM1,C1065,P598,Start
577079,U147@DOM1,C1065,P598,End
577080,U147@DOM1,C1065,P598,Start
577082,U147@DOM1,C1065,P598,End
577091,U147@DOM1,C1065,P598,End
577091,U147@DOM1,C1065,P598,Start
577092,U147@DOM1,C1065,P598,End
577092,U147@DOM1,C1065,P598,Start
577093,U147@DOM1,C1065,P598,End
577093,U147@DOM1,C1065,P598,Start
577094,U147@DOM1,C1065,P598,End
577094,U147@DOM1,C1065,P598,Start
577095,U147@DOM1,C1065,P598,Start
577096,U147@DOM1,C1065,P598,End
577096,U147@DOM1,C1065,P598,Start
577097,U147@DOM1,C1065,P598,Start
577098,U147@DOM1,C1065,P598,End
577098,U147@DOM1,C1065,P598,Start
577100,U147@DOM1,C1065,P598,End
577100,U147@DOM1,C1065,P598,Start
577101,U147@DOM1,C1065,P598,End
577101,U147@DOM1,C1065,P598,Start
577102,U147@DOM1,C1065,P598,Start
577103,U147@DOM1,C1065,P598,End
577103,U147@DOM1,C1065,P598,Start
577104,U147@DOM1,C1065,P598,End
577104,U147@DOM1,C1065,P598,Start
577105,U147@DOM1,C1065,P598,End
577105,U147@DOM1,C1065,P598,Start
577106,U147@DOM1,C1065,P598,End
577106,U147@DOM1,C1065,P598,Start
577107,U147@DOM1,C1065,P598,End
577107,U147@DOM1,C1065,P598,Start
577108,U147@DOM1,C1065,P598,End
577109,U147@DOM1,C1065,P598,End
577109,U147@DOM1,C1065,P598,Start
577110,U147@DOM1,C1065,P598,End
577110,U147@DOM1,C1065,P598,Start
577111,U147@DOM1,C1065,P598,End
577111,U147@DOM1,C1065,P598,Start
577112,U147@DOM1,C1065,P598,End
577112,U147@DOM1,C1065,P598,Start
577113,U147@DOM1,C1065,P598,End
577114,U147@DOM1,C1065,P598,End
577114,U147@DOM1,C1065,P598,Start
577115,U147@DOM1,C1065,P598,End
577115,U147@DOM1,C1065,P598,Start
577116,U147@DOM1,C1065,P598,End
577116,U147@DOM1,C1065,P598,Start
577117,U147@DOM1,C1065,P598,End
577117,U147@DOM1,C1065,P598,Start
577118,U147@DOM1,C1065,P598,End
577118,U147@DOM1,C1065,P598,Start
577119,U147@DOM1,C1065,P598,End
577120,U147@DOM1,C1065,P598,End
577120,U147@DOM1,C1065,P598,Start
577121,U147@DOM1,C1065,P598,End
577122,U147@DOM1,C1065,P598,End
577122,U147@DOM1,C1065,P598,Start
577123,U147@DOM1,C1065,P598,End
577123,U147@DOM1,C1065,P598,Start
577124,U147@DOM1,C1065,P598,End
577124,U147@DOM1,C1065,P598,Start
577125,U147@DOM1,C1065,P598,End
577125,U147@DOM1,C1065,P598,Start
577126,U147@DOM1,C1065,P598,End
577126,U147@DOM1,C1065,P598,Start
577127,U147@DOM1,C1065,P598,End
577127,U147@DOM1,C1065,P598,Start
577128,U147@DOM1,C1065,P598,End
577128,U147@DOM1,C1065,P598,Start
577129,U147@DOM1,C1065,P598,End
577129,U147@DOM1,C1065,P598,Start
577130,U147@DOM1,C1065,P598,End
577130,U147@DOM1,C1065,P598,Start
577131,C1065$@DOM1,C1065,P257,End
577131,U147@DOM1,C1065,P598,End
577132,U147@DOM1,C1065,P598,End
577132,U147@DOM1,C1065,P598,Start
577133,U147@DOM1,C1065,P598,End
577133,U147@DOM1,C1065,P598,Start
577134,U147@DOM1,C1065,P598,End
577134,U147@DOM1,C1065,P598,Start
577135,U147@DOM1,C1065,P598,End
577135,U147@DOM1,C1065,P598,Start
577136,U147@DOM1,C1065,P598,End
577136,U147@DOM1,C1065,P598,Start
577137,U147@DOM1,C1065,P598,End
577137,U147@DOM1,C1065,P598,Start
577138,U147@DOM1,C1065,P598,End
577138,U147@DOM1,C1065,P598,Start
577139,U147@DOM1,C1065,P598,End
577139,U147@DOM1,C1065,P598,Start
577143,U147@DOM1,C1065,P598,Start
577144,U147@DOM1,C1065,P598,End
577145,U147@DOM1,C1065,P598,Start
577178,U147@DOM1,C1065,P598,End
577178,U147@DOM1,C1065,P598,Start
577178,U147@DOM1,C1065,P8,End
577179,U147@DOM1,C1065,P598,End
577179,U147@DOM1,C1065,P598,Start
577180,U147@DOM1,C1065,P598,End
577180,U147@DOM1,C1065,P598,Start
577181,U147@DOM1,C1065,P598,End
577181,U147@DOM1,C1065,P598,Start
577182,U147@DOM1,C1065,P598,End
577182,U147@DOM1,C1065,P598,Start
577183,U147@DOM1,C1065,P598,End
577183,U147@DOM1,C1065,P598,Start
577184,U147@DOM1,C1065,P598,End
577184,U147@DOM1,C1065,P598,Start
577185,U147@DOM1,C1065,P598,End
577186,U147@DOM1,C1065,P598,End
577186,U147@DOM1,C1065,P598,Start
577187,U147@DOM1,C1065,P598,End
577187,U147@DOM1,C1065,P598,Start
577188,U147@DOM1,C1065,P598,End
577189,U147@DOM1,C1065,P598,End
577189,U147@DOM1,C1065,P598,Start
577190,U147@DOM1,C1065,P598,End
577190,U147@DOM1,C1065,P598,Start
577191,U147@DOM1,C1065,P598,End
577191,U147@DOM1,C1065,P598,Start
577192,U147@DOM1,C1065,P598,End
577192,U147@DOM1,C1065,P598,Start
577193,U147@DOM1,C1065,P598,Start
577194,U147@DOM1,C1065,P598,End
577194,U147@DOM1,C1065,P598,Start
577195,U147@DOM1,C1065,P598,End
577195,U147@DOM1,C1065,P598,Start
577196,U147@DOM1,C1065,P598,End
577197,U147@DOM1,C1065,P598,End
577197,U147@DOM1,C1065,P598,Start
577198,U147@DOM1,C1065,P598,End
577198,U147@DOM1,C1065,P598,Start
577199,U147@DOM1,C1065,P598,End
577199,U147@DOM1,C1065,P598,Start
577200,U147@DOM1,C1065,P598,End
577200,U147@DOM1,C1065,P598,Start
577201,U147@DOM1,C1065,P598,Start
577202,U147@DOM1,C1065,P598,End
577202,U147@DOM1,C1065,P598,Start
577203,U147@DOM1,C1065,P598,End
577203,U147@DOM1,C1065,P598,Start
577204,U147@DOM1,C1065,P598,End
577204,U147@DOM1,C1065,P598,Start
577205,U147@DOM1,C1065,P598,End
577205,U147@DOM1,C1065,P598,Start
577206,U147@DOM1,C1065,P598,End
577207,U147@DOM1,C1065,P598,End
577207,U147@DOM1,C1065,P598,Start
577208,U147@DOM1,C1065,P598,End
577208,U147@DOM1,C1065,P598,Start
577209,U147@DOM1,C1065,P598,Start
577210,U147@DOM1,C1065,P598,End
577210,U147@DOM1,C1065,P598,Start
577211,U147@DOM1,C1065,P598,End
577211,U147@DOM1,C1065,P598,Start
577212,U147@DOM1,C1065,P598,End
577212,U147@DOM1,C1065,P598,Start
577213,U147@DOM1,C1065,P598,End
577213,U147@DOM1,C1065,P598,Start
577214,U147@DOM1,C1065,P598,End
577214,U147@DOM1,C1065,P598,Start
577215,U147@DOM1,C1065,P598,End
577215,U147@DOM1,C1065,P598,Start
577216,U147@DOM1,C1065,P598,End
577216,U147@DOM1,C1065,P598,Start
577217,U147@DOM1,C1065,P598,End
577217,U147@DOM1,C1065,P598,Start
577218,U147@DOM1,C1065,P598,End
577218,U147@DOM1,C1065,P598,Start
577219,U147@DOM1,C1065,P598,End
577219,U147@DOM1,C1065,P598,Start
577220,U147@DOM1,C1065,P598,End
577221,U147@DOM1,C1065,P598,End
577221,U147@DOM1,C1065,P598,Start
577222,U147@DOM1,C1065,P598,End
577222,U147@DOM1,C1065,P598,Start
577223,U147@DOM1,C1065,P598,End
577223,U147@DOM1,C1065,P598,Start
577224,U147@DOM1,C1065,P598,Start
577225,U147@DOM1,C1065,P598,End
577225,U147@DOM1,C1065,P598,Start
577226,U147@DOM1,C1065,P598,End
577226,U147@DOM1,C1065,P598,Start
577227,U147@DOM1,C1065,P598,End
577227,U147@DOM1,C1065,P598,Start
577228,U147@DOM1,C1065,P598,End
577228,U147@DOM1,C1065,P598,Start
577229,U147@DOM1,C1065,P598,End
577229,U147@DOM1,C1065,P598,Start
577230,U147@DOM1,C1065,P598,End
577230,U147@DOM1,C1065,P598,Start
577231,U147@DOM1,C1065,P598,End
577231,U147@DOM1,C1065,P598,Start
577232,U147@DOM1,C1065,P598,End
577232,U147@DOM1,C1065,P598,Start
577233,U147@DOM1,C1065,P598,End
577234,U147@DOM1,C1065,P598,End
577234,U147@DOM1,C1065,P598,Start
577235,U147@DOM1,C1065,P598,End
577235,U147@DOM1,C1065,P598,Start
577236,U147@DOM1,C1065,P598,Start
577237,U147@DOM1,C1065,P598,End
577237,U147@DOM1,C1065,P598,Start
577238,U147@DOM1,C1065,P598,End
577238,U147@DOM1,C1065,P598,Start
577239,U147@DOM1,C1065,P598,End
577239,U147@DOM1,C1065,P598,Start
577240,U147@DOM1,C1065,P598,End
577241,U147@DOM1,C1065,P598,End
577241,U147@DOM1,C1065,P598,Start
577242,U147@DOM1,C1065,P598,End
577242,U147@DOM1,C1065,P598,Start
577243,U147@DOM1,C1065,P598,End
577243,U147@DOM1,C1065,P598,Start
577244,U147@DOM1,C1065,P598,End
577244,U147@DOM1,C1065,P598,Start
577245,U147@DOM1,C1065,P598,End
577245,U147@DOM1,C1065,P598,Start
577246,U147@DOM1,C1065,P598,End
577246,U147@DOM1,C1065,P598,Start
577247,U147@DOM1,C1065,P598,End
577248,U147@DOM1,C1065,P598,End
577248,U147@DOM1,C1065,P598,Start
577249,U147@DOM1,C1065,P598,End
577249,U147@DOM1,C1065,P598,Start
577250,U147@DOM1,C1065,P598,End
577251,U147@DOM1,C1065,P598,End
577251,U147@DOM1,C1065,P598,Start
577252,U147@DOM1,C1065,P598,Start
577253,U147@DOM1,C1065,P598,End
577253,U147@DOM1,C1065,P598,Start
577254,U147@DOM1,C1065,P598,End
577254,U147@DOM1,C1065,P598,Start
577255,U147@DOM1,C1065,P598,End
577256,U147@DOM1,C1065,P598,End
577256,U147@DOM1,C1065,P598,Start
577257,U147@DOM1,C1065,P598,End
577257,U147@DOM1,C1065,P598,Start
577258,U147@DOM1,C1065,P598,End
577259,U147@DOM1,C1065,P598,End
577259,U147@DOM1,C1065,P598,Start
577260,U147@DOM1,C1065,P598,End
577260,U147@DOM1,C1065,P598,Start
577261,U147@DOM1,C1065,P598,End
577261,U147@DOM1,C1065,P598,Start
577262,U147@DOM1,C1065,P598,End
577262,U147@DOM1,C1065,P598,Start
577263,U147@DOM1,C1065,P598,End
577263,U147@DOM1,C1065,P598,Start
577265,U147@DOM1,C1065,P598,End
577265,U147@DOM1,C1065,P598,Start
577266,U147@DOM1,C1065,P598,End
577266,U147@DOM1,C1065,P598,Start
577267,U147@DOM1,C1065,P598,End
577268,U147@DOM1,C1065,P598,End
577268,U147@DOM1,C1065,P598,Start
577269,U147@DOM1,C1065,P598,End
577269,U147@DOM1,C1065,P598,Start
577270,U147@DOM1,C1065,P598,End
577270,U147@DOM1,C1065,P598,Start
577271,U147@DOM1,C1065,P598,End
577271,U147@DOM1,C1065,P598,Start
577272,U147@DOM1,C1065,P598,End
577273,U147@DOM1,C1065,P598,End
577273,U147@DOM1,C1065,P598,Start
577274,U147@DOM1,C1065,P598,End
577275,U147@DOM1,C1065,P598,End
577276,U147@DOM1,C1065,P598,End
577276,U147@DOM1,C1065,P598,Start
577277,U147@DOM1,C1065,P598,End
577277,U147@DOM1,C1065,P598,Start
577278,U147@DOM1,C1065,P598,End
577279,U147@DOM1,C1065,P598,End
577279,U147@DOM1,C1065,P598,Start
577280,U147@DOM1,C1065,P598,End
577281,U147@DOM1,C1065,P598,End
577281,U147@DOM1,C1065,P598,Start
577282,U147@DOM1,C1065,P598,End
577283,U147@DOM1,C1065,P598,End
577283,U147@DOM1,C1065,P598,Start
577284,U147@DOM1,C1065,P598,End
577284,U147@DOM1,C1065,P598,Start
577285,U147@DOM1,C1065,P598,End
577285,U147@DOM1,C1065,P598,Start
577286,U147@DOM1,C1065,P598,End
577286,U147@DOM1,C1065,P598,Start
577287,U147@DOM1,C1065,P598,End
577287,U147@DOM1,C1065,P598,Start
577288,U147@DOM1,C1065,P598,End
577288,U147@DOM1,C1065,P598,Start
577289,U147@DOM1,C1065,P598,End
577289,U147@DOM1,C1065,P598,Start
577290,U147@DOM1,C1065,P598,End
577290,U147@DOM1,C1065,P598,Start
577291,U147@DOM1,C1065,P598,End
577291,U147@DOM1,C1065,P598,Start
577294,U147@DOM1,C1065,P598,End
577295,U147@DOM1,C1065,P448,End
577295,U147@DOM1,C1065,P448,Start
577295,U147@DOM1,C1065,P5,End
577295,U147@DOM1,C1065,P54,End
577296,U147@DOM1,C1065,P598,End
577298,U147@DOM1,C1065,P598,End
577300,U147@DOM1,C1065,P598,End
577305,U147@DOM1,C1065,P448,End
577305,U147@DOM1,C1065,P448,Start
577305,U147@DOM1,C1065,P5,End
577305,U147@DOM1,C1065,P54,End
577595,U147@DOM1,C1065,P8,End
577801,C1065$@DOM1,C1065,P16,Start
577801,C1065$@DOM1,C1065,P5,Start
577801,C1065$@DOM1,C1065,P8,Start
577801,U147@DOM1,C1065,P27,Start
577806,C1065$@DOM1,C1065,P16,End
577949,U147@DOM1,C1065,P27,End
577949,U147@DOM1,C1065,P5,End
577968,U147@DOM1,C1065,P27,End
577968,U147@DOM1,C1065,P5,End
578049,U147@DOM1,C1065,P27,End
578049,U147@DOM1,C1065,P5,End
578066,U147@DOM1,C1065,P27,End
578066,U147@DOM1,C1065,P5,End
578084,U3549@DOM1,C1065,P728,End
578342,U737@DOM1,C1518,P96,Start
578350,U147@DOM1,C1065,P8,End
578368,U147@DOM1,C1065,P8,End
578386,C19932$@DOM1,C19932,P1,Start
578386,C19932$@DOM1,C19932,P10,Start
578386,C19932$@DOM1,C19932,P118,Start
578386,C19932$@DOM1,C19932,P13,Start
578386,C19932$@DOM1,C19932,P1389,Start
578386,C19932$@DOM1,C19932,P14,Start
578386,C19932$@DOM1,C19932,P156,Start
578386,C19932$@DOM1,C19932,P16,Start
578386,C19932$@DOM1,C19932,P164,Start
578386,C19932$@DOM1,C19932,P166,Start
578386,C19932$@DOM1,C19932,P1678,Start
578386,C19932$@DOM1,C19932,P169,Start
578386,C19932$@DOM1,C19932,P171,Start
578386,C19932$@DOM1,C19932,P173,Start
578386,C19932$@DOM1,C19932,P176,Start
578386,C19932$@DOM1,C19932,P207,Start
578386,C19932$@DOM1,C19932,P21,Start
578386,C19932$@DOM1,C19932,P211,Start
578386,C19932$@DOM1,C19932,P213,Start
578386,C19932$@DOM1,C19932,P2145,Start
578386,C19932$@DOM1,C19932,P23,Start
578386,C19932$@DOM1,C19932,P24,Start
578386,C19932$@DOM1,C19932,P241,Start
578386,C19932$@DOM1,C19932,P25,Start
578386,C19932$@DOM1,C19932,P265,Start
578386,C19932$@DOM1,C19932,P267,Start
578386,C19932$@DOM1,C19932,P268,Start
578386,C19932$@DOM1,C19932,P274,Start
578386,C19932$@DOM1,C19932,P28,Start
578386,C19932$@DOM1,C19932,P29,Start
578386,C19932$@DOM1,C19932,P301,Start
578386,C19932$@DOM1,C19932,P3047,Start
578386,C19932$@DOM1,C19932,P3048,Start
578386,C19932$@DOM1,C19932,P3049,Start
578386,C19932$@DOM1,C19932,P325,Start
578386,C19932$@DOM1,C19932,P4,Start
578386,C19932$@DOM1,C19932,P414,Start
578386,C19932$@DOM1,C19932,P44,Start
578386,C19932$@DOM1,C19932,P482,Start
578386,C19932$@DOM1,C19932,P5,Start
578386,C19932$@DOM1,C19932,P502,Start
578386,C19932$@DOM1,C19932,P603,Start
578386,C19932$@DOM1,C19932,P719,Start
578386,C19932$@DOM1,C19932,P83,Start
578386,C19932$@DOM1,C19932,P9,Start
578386,LOCAL SERVICE@C19932,C19932,P90,Start
578386,U737@DOM1,C19932,P1261,Start
578386,U737@DOM1,C19932,P153,Start
578386,U737@DOM1,C19932,P168,Start
578386,U737@DOM1,C19932,P23,Start
578386,U737@DOM1,C19932,P24,Start
578386,U737@DOM1,C19932,P4,Start
578386,U737@DOM1,C19932,P507,Start
578387,C19932$@DOM1,C19932,P1,Start
578387,C19932$@DOM1,C19932,P10,Start
578387,C19932$@DOM1,C19932,P124,Start
578387,C19932$@DOM1,C19932,P13,Start
578387,C19932$@DOM1,C19932,P14,Start
578387,C19932$@DOM1,C19932,P156,Start
578387,C19932$@DOM1,C19932,P16,Start
578387,C19932$@DOM1,C19932,P169,Start
578387,C19932$@DOM1,C19932,P211,Start
578387,C19932$@DOM1,C19932,P215,Start
578387,C19932$@DOM1,C19932,P216,Start
578387,C19932$@DOM1,C19932,P229,Start
578387,C19932$@DOM1,C19932,P23,Start
578387,C19932$@DOM1,C19932,P233,Start
578387,C19932$@DOM1,C19932,P237,Start
578387,C19932$@DOM1,C19932,P239,Start
578387,C19932$@DOM1,C19932,P24,Start
578387,C19932$@DOM1,C19932,P25,Start
578387,C19932$@DOM1,C19932,P257,Start
578387,C19932$@DOM1,C19932,P279,Start
578387,C19932$@DOM1,C19932,P282,End
578387,C19932$@DOM1,C19932,P282,Start
578387,C19932$@DOM1,C19932,P3,Start
578387,C19932$@DOM1,C19932,P5,End
578387,C19932$@DOM1,C19932,P5,Start
578387,C19932$@DOM1,C19932,P672,Start
578387,C19932$@DOM1,C19932,P710,Start
578387,C19932$@DOM1,C19932,P83,Start
578387,C19932$@DOM1,C19932,P9,Start
578387,LOCAL SERVICE@C19932,C19932,P90,Start
578387,U737@DOM1,C19932,P242,Start
578387,U737@DOM1,C19932,P507,Start
578389,C19932$@DOM1,C19932,P23,End
578389,C19932$@DOM1,C19932,P24,End
578389,C19932$@DOM1,C19932,P24,Start
578389,C19932$@DOM1,C19932,P282,End
578389,C19932$@DOM1,C19932,P5,End
578390,C19932$@DOM1,C19932,P23,End
578390,C19932$@DOM1,C19932,P23,Start
578390,C19932$@DOM1,C19932,P24,End
578390,C19932$@DOM1,C19932,P24,Start
578390,C19932$@DOM1,C19932,P5,End
578390,C19932$@DOM1,C19932,P5,Start
578395,C19932$@DOM1,C19932,P28,Start
578395,C19932$@DOM1,C19932,P57,Start
578396,C19932$@DOM1,C19932,P21,Start
578396,C19932$@DOM1,C19932,P245,Start
578396,C19932$@DOM1,C19932,P29,Start
578396,C19932$@DOM1,C19932,P5,Start
578396,C19932$@DOM1,C19932,P57,Start
578396,C19932$@DOM1,C19932,P82,Start
578399,C19932$@DOM1,C19932,P21,End
578399,C19932$@DOM1,C19932,P214,Start
578399,C19932$@DOM1,C19932,P5,End
578401,C19932$@DOM1,C19932,P214,End
578403,C19932$@DOM1,C19932,P10,Start
578403,C19932$@DOM1,C19932,P16,Start
578403,C19932$@DOM1,C19932,P21,Start
578403,C19932$@DOM1,C19932,P5,Start
578403,C19932$@DOM1,C19932,P57,Start
578405,C19932$@DOM1,C19932,P1186,Start
578405,C19932$@DOM1,C19932,P57,Start
578407,C19932$@DOM1,C19932,P16,Start
578407,C19932$@DOM1,C19932,P28,Start
578408,C19932$@DOM1,C19932,P21,Start
578408,C19932$@DOM1,C19932,P28,End
578408,C19932$@DOM1,C19932,P29,End
578408,C19932$@DOM1,C19932,P29,Start
578408,C19932$@DOM1,C19932,P5,Start
578408,C19932$@DOM1,C19932,P57,End
578410,C19932$@DOM1,C19932,P118,Start
578410,C19932$@DOM1,C19932,P19,Start
578410,C19932$@DOM1,C19932,P263,Start
578410,C19932$@DOM1,C19932,P28,End
578410,C19932$@DOM1,C19932,P28,Start
578410,C19932$@DOM1,C19932,P29,End
578410,C19932$@DOM1,C19932,P29,Start
578410,C19932$@DOM1,C19932,P9,Start
578412,C19932$@DOM1,C19932,P118,End
578412,C19932$@DOM1,C19932,P28,End
578412,C19932$@DOM1,C19932,P28,Start
578412,C19932$@DOM1,C19932,P29,End
578412,C19932$@DOM1,C19932,P29,Start
578412,C19932$@DOM1,C19932,P5,End
578412,C19932$@DOM1,C19932,P82,End
578412,C19932$@DOM1,C19932,P9,Start
578415,C19932$@DOM1,C19932,P169,End
578415,C19932$@DOM1,C19932,P21,Start
578415,C19932$@DOM1,C19932,P28,End
578415,C19932$@DOM1,C19932,P28,Start
578415,C19932$@DOM1,C19932,P29,End
578415,C19932$@DOM1,C19932,P29,Start
578415,C19932$@DOM1,C19932,P5,Start
578415,C19932$@DOM1,C19932,P57,End
578416,C19932$@DOM1,C19932,P28,End
578416,C19932$@DOM1,C19932,P29,End
578416,C19932$@DOM1,C19932,P29,Start
578416,C19932$@DOM1,C19932,P57,End
578418,C19932$@DOM1,C19932,P21,End
578418,C19932$@DOM1,C19932,P28,End
578418,C19932$@DOM1,C19932,P28,Start
578418,C19932$@DOM1,C19932,P29,End
578418,C19932$@DOM1,C19932,P29,Start
578418,C19932$@DOM1,C19932,P5,End
578418,C19932$@DOM1,C19932,P9,Start
578420,C19932$@DOM1,C19932,P16,Start
578421,C19932$@DOM1,C19932,P246,Start
578423,C19932$@DOM1,C19932,P48,Start
578423,C19932$@DOM1,C19932,P9,Start
578425,C19932$@DOM1,C19932,P16,End
578425,C19932$@DOM1,C19932,P23,Start
578425,C19932$@DOM1,C19932,P3,Start
578425,C19932$@DOM1,C19932,P5,Start
578427,C19932$@DOM1,C19932,P23,End
578427,C19932$@DOM1,C19932,P23,Start
578427,C19932$@DOM1,C19932,P24,End
578427,C19932$@DOM1,C19932,P24,Start
578427,C19932$@DOM1,C19932,P5,End
578427,C19932$@DOM1,C19932,P5,Start
578429,C19932$@DOM1,C19932,P23,End
578429,C19932$@DOM1,C19932,P24,End
578429,C19932$@DOM1,C19932,P5,End
578429,C19932$@DOM1,C19932,P57,End
578431,C19932$@DOM1,C19932,P10,End
578431,C19932$@DOM1,C19932,P9,Start
578435,C19932$@DOM1,C19932,P16,Start
578435,C19932$@DOM1,C19932,P209,End
578435,C19932$@DOM1,C19932,P209,Start
578437,C19932$@DOM1,C19932,P124,Start
578441,C19932$@DOM1,C19932,P16,End
578451,C19932$@DOM1,C19932,P190,End
578451,C19932$@DOM1,C19932,P190,Start
578451,C19932$@DOM1,C19932,P5,End
578451,C19932$@DOM1,C19932,P5,Start
578465,U737@DOM1,C4747,P280,End
578485,C19932$@DOM1,C19932,P10,Start
578488,C19932$@DOM1,C19932,P1389,Start
578488,C19932$@DOM1,C19932,P169,Start
578488,C19932$@DOM1,C19932,P171,Start
578488,C19932$@DOM1,C19932,P211,Start
578488,C19932$@DOM1,C19932,P44,Start
578488,C19932$@DOM1,C19932,P5,Start
578488,U737@DOM1,C19932,P168,Start
578491,C19932$@DOM1,C19932,P25,Start
578491,C19932$@DOM1,C19932,P5,Start
578493,C19932$@DOM1,C19932,P16,Start
578493,C19932$@DOM1,C19932,P21,Start
578493,C19932$@DOM1,C19932,P28,Start
578493,C19932$@DOM1,C19932,P5,Start
579500,C1065$@DOM1,C1065,P16,Start
579500,C1065$@DOM1,C1065,P5,Start
579500,C1065$@DOM1,C1065,P8,Start
579500,U147@DOM1,C1065,P27,Start
579505,C1065$@DOM1,C1065,P16,End
579520,U147@DOM1,C1065,P27,End
579520,U147@DOM1,C1065,P5,End
579527,C1065$@DOM1,C1065,P16,End
579819,U147@DOM1,C1065,P8,End
580229,C1065$@DOM1,C1065,P25,End
580229,C1065$@DOM1,C1065,P25,Start
580229,C1065$@DOM1,C1065,P5,End
580229,C1065$@DOM1,C1065,P5,Start
581401,C1065$@DOM1,C1065,P16,Start
581402,C1065$@DOM1,C1065,P5,Start
581402,C1065$@DOM1,C1065,P8,Start
581402,U147@DOM1,C1065,P27,Start
581406,C1065$@DOM1,C1065,P16,End
581423,C1065$@DOM1,C1065,P5,Start
581423,U147@DOM1,C1065,P27,Start
581551,U147@DOM1,C1065,P27,End
581551,U147@DOM1,C1065,P5,End
581654,U147@DOM1,C1065,P27,End
581654,U147@DOM1,C1065,P5,End
581942,U737@DOM1,C1518,P96,Start
581953,U147@DOM1,C1065,P8,End
581976,U147@DOM1,C1065,P8,End
